COUNTRY_CODE,YEAR,PRODUCTION_MT,FORECAST_FLAG,SOURCE
AFG,"1,991",0.094,false,EIA
AFG,"2,000",0.001,false,EIA
AFG,"1,999",0.001,false,EIA
AFG,"1,998",0.002,false,EIA
AFG,"1,997",0.002,false,EIA
AFG,"1,996",0.003,false,EIA
AFG,"1,995",0.005,false,EIA
AFG,"1,994",0.006,false,EIA
AFG,"1,993",0.007,false,EIA
AFG,"1,992",0.008,false,EIA
ALB,"1,991",1.09,false,EIA
ALB,"2,000",0.03,false,EIA
ALB,"1,999",0.049,false,EIA
ALB,"1,998",0.049,false,EIA
ALB,"1,997",0.039,false,EIA
ALB,"1,996",0.11,false,EIA
ALB,"1,995",0.08,false,EIA
ALB,"1,994",0.17,false,EIA
ALB,"1,993",0.21,false,EIA
ALB,"1,992",0.37,false,EIA
ARG,"1,991",0.29,false,EIA
ARG,"2,000",0.26,false,EIA
ARG,"1,999",0.34,false,EIA
ARG,"1,998",0.29,false,EIA
ARG,"1,997",0.25,false,EIA
ARG,"1,996",0.31,false,EIA
ARG,"1,995",0.3,false,EIA
ARG,"1,994",0.35,false,EIA
ARG,"1,993",0.17,false,EIA
ARG,"1,992",0.2,false,EIA
ARM,"1,991",,false,EIA
ARM,"2,000",0,false,EIA
ARM,"1,999",0,false,EIA
ARM,"1,998",0,false,EIA
ARM,"1,997",0,false,EIA
ARM,"1,996",0,false,EIA
ARM,"1,995",0,false,EIA
ARM,"1,994",0,false,EIA
ARM,"1,993",0,false,EIA
ARM,"1,992",0,false,EIA
AUS,"1,991",220.6,false,EIA
AUS,"2,000",307.53,false,EIA
AUS,"1,999",291.8,false,EIA
AUS,"1,998",288.25,false,EIA
AUS,"1,997",265.25,false,EIA
AUS,"1,996",248.18,false,EIA
AUS,"1,995",242.76,false,EIA
AUS,"1,994",226.32,false,EIA
AUS,"1,993",227.13,false,EIA
AUS,"1,992",229.22,false,EIA
AUT,"1,991",2.08,false,EIA
AUT,"2,000",1.25,false,EIA
AUT,"1,999",1.14,false,EIA
AUT,"1,998",1.14,false,EIA
AUT,"1,997",1.13,false,EIA
AUT,"1,996",1.11,false,EIA
AUT,"1,995",1.3,false,EIA
AUT,"1,994",1.37,false,EIA
AUT,"1,993",1.69,false,EIA
AUT,"1,992",1.77,false,EIA
BEL,"1,991",0.63,false,EIA
BEL,"2,000",0,false,EIA
BEL,"1,999",0,false,EIA
BEL,"1,998",0,false,EIA
BEL,"1,997",0,false,EIA
BEL,"1,996",0,false,EIA
BEL,"1,995",0,false,EIA
BEL,"1,994",0,false,EIA
BEL,"1,993",0,false,EIA
BEL,"1,992",0.22,false,EIA
BGD,"1,991",0,false,EIA
BGD,"2,000",0,false,EIA
BGD,"1,999",0,false,EIA
BGD,"1,998",0,false,EIA
BGD,"1,997",0,false,EIA
BGD,"1,996",0,false,EIA
BGD,"1,995",0,false,EIA
BGD,"1,994",0,false,EIA
BGD,"1,993",0,false,EIA
BGD,"1,992",0,false,EIA
BGR,"1,991",28.39,false,EIA
BGR,"2,000",26.43,false,EIA
BGR,"1,999",25.3,false,EIA
BGR,"1,998",30.11,false,EIA
BGR,"1,997",29.71,false,EIA
BGR,"1,996",31.3,false,EIA
BGR,"1,995",30.83,false,EIA
BGR,"1,994",28.76,false,EIA
BGR,"1,993",29.03,false,EIA
BGR,"1,992",30.32,false,EIA
BIH,"1,991",,false,EIA
BIH,"2,000",7.44,false,EIA
BIH,"1,999",6.77,false,EIA
BIH,"1,998",7.03,false,EIA
BIH,"1,997",5.45,false,EIA
BIH,"1,996",1.69,false,EIA
BIH,"1,995",1.64,false,EIA
BIH,"1,994",1.4,false,EIA
BIH,"1,993",1.3,false,EIA
BIH,"1,992",1.5,false,EIA
BRA,"1,991",5.19,false,EIA
BRA,"2,000",6.81,false,EIA
BRA,"1,999",5.66,false,EIA
BRA,"1,998",5.52,false,EIA
BRA,"1,997",5.65,false,EIA
BRA,"1,996",4.8,false,EIA
BRA,"1,995",5.2,false,EIA
BRA,"1,994",5.13,false,EIA
BRA,"1,993",4.59,false,EIA
BRA,"1,992",4.73,false,EIA
BTN,"1,991",0.003,false,EIA
BTN,"2,000",0.077,false,EIA
BTN,"1,999",0.069,false,EIA
BTN,"1,998",0.062,false,EIA
BTN,"1,997",0.054,false,EIA
BTN,"1,996",0.064,false,EIA
BTN,"1,995",0.063,false,EIA
BTN,"1,994",0.064,false,EIA
BTN,"1,993",0.046,false,EIA
BTN,"1,992",0.0032,false,EIA
BWA,"1,991",0.78,false,EIA
BWA,"2,000",0.94,false,EIA
BWA,"1,999",0.72,false,EIA
BWA,"1,998",0.92,false,EIA
BWA,"1,997",0.78,false,EIA
BWA,"1,996",0.73,false,EIA
BWA,"1,995",0.91,false,EIA
BWA,"1,994",0.9,false,EIA
BWA,"1,993",0.89,false,EIA
BWA,"1,992",0.9,false,EIA
CAN,"1,991",71.13,false,EIA
CAN,"2,000",69.16,false,EIA
CAN,"1,999",72.48,false,EIA
CAN,"1,998",75.14,false,EIA
CAN,"1,997",78.67,false,EIA
CAN,"1,996",75.85,false,EIA
CAN,"1,995",74.98,false,EIA
CAN,"1,994",72.82,false,EIA
CAN,"1,993",69,false,EIA
CAN,"1,992",65.61,false,EIA
CHL,"1,991",2.21,false,EIA
CHL,"1,996",1,false,EIA
CHL,"2,000",0.37,false,EIA
CHL,"1,999",0.48,false,EIA
CHL,"1,998",0.94,false,EIA
CHL,"1,997",1.04,false,EIA
CHL,"1,995",1.04,false,EIA
CHL,"1,994",1.18,false,EIA
CHL,"1,993",1.35,false,EIA
CHL,"1,992",1.63,false,EIA
CHN,"1,991","1,084.28",false,EIA
CHN,"2,000","1,384.18",false,EIA
CHN,"1,999","1,284.35",false,EIA
CHN,"1,998","1,302.82",false,EIA
CHN,"1,997","1,325.26",false,EIA
CHN,"1,996","1,364.96",false,EIA
CHN,"1,995","1,292.19",false,EIA
CHN,"1,994","1,229.52",false,EIA
CHN,"1,993","1,151.38",false,EIA
CHN,"1,992","1,114.55",false,EIA
COL,"1,991",20.6,false,EIA
COL,"2,000",38.33,false,EIA
COL,"1,999",33.01,false,EIA
COL,"1,998",33.73,false,EIA
COL,"1,997",33.2,false,EIA
COL,"1,996",30.44,false,EIA
COL,"1,995",26.85,false,EIA
COL,"1,994",23.7,false,EIA
COL,"1,993",22.27,false,EIA
COL,"1,992",22.99,false,EIA
CSK,"1,991",100.3,false,EIA
CSK,"2,000",,false,EIA
CSK,"1,999",,false,EIA
CSK,"1,998",,false,EIA
CSK,"1,997",,false,EIA
CSK,"1,996",,false,EIA
CSK,"1,995",,false,EIA
CSK,"1,994",,false,EIA
CSK,"1,993",,false,EIA
CSK,"1,992",90.06,false,EIA
CZE,"1,991",,false,EIA
CZE,"2,000",65.16,false,EIA
CZE,"1,999",59.13,false,EIA
CZE,"1,998",67.53,false,EIA
CZE,"1,997",74.02,false,EIA
CZE,"1,996",77.14,false,EIA
CZE,"1,995",74.9,false,EIA
CZE,"1,994",76.94,false,EIA
CZE,"1,993",85.24,false,EIA
CZE,"1,992",,false,EIA
DEU,"1,991",352.32,false,EIA
DEU,"2,000",205.07,false,EIA
DEU,"1,999",205.13,false,EIA
DEU,"1,998",211.37,false,EIA
DEU,"1,997",228.37,false,EIA
DEU,"1,996",240.4,false,EIA
DEU,"1,995",251.61,false,EIA
DEU,"1,994",264.7,false,EIA
DEU,"1,993",285.98,false,EIA
DEU,"1,992",313.96,false,EIA
DZA,"1,991",0.012,false,EIA
DZA,"2,000",0,false,EIA
DZA,"1,999",0.0009,false,EIA
DZA,"1,998",0.0055,false,EIA
DZA,"1,997",0.011,false,EIA
DZA,"1,996",0.012,false,EIA
DZA,"1,995",0.022,false,EIA
DZA,"1,994",0.023,false,EIA
DZA,"1,993",0.02,false,EIA
DZA,"1,992",0.015,false,EIA
EGY,"1,991",0,false,EIA
EGY,"2,000",0.058,false,EIA
EGY,"1,999",0.039,false,EIA
EGY,"1,998",0,false,EIA
EGY,"1,997",0,false,EIA
EGY,"1,996",0,false,EIA
EGY,"1,995",0,false,EIA
EGY,"1,994",0,false,EIA
EGY,"1,993",0,false,EIA
EGY,"1,992",0,false,EIA
ESP,"1,991",33.56,false,EIA
ESP,"2,000",23.47,false,EIA
ESP,"1,999",24.3,false,EIA
ESP,"1,998",26.14,false,EIA
ESP,"1,997",26.49,false,EIA
ESP,"1,996",26.99,false,EIA
ESP,"1,995",28.3,false,EIA
ESP,"1,994",29.63,false,EIA
ESP,"1,993",31.58,false,EIA
ESP,"1,992",33.47,false,EIA
ETH,"1,991",0,false,EIA
ETH,"2,000",0,false,EIA
ETH,"1,999",0,false,EIA
ETH,"1,998",0,false,EIA
ETH,"1,997",0,false,EIA
ETH,"1,996",0,false,EIA
ETH,"1,995",0,false,EIA
ETH,"1,994",0,false,EIA
ETH,"1,993",0,false,EIA
ETH,"1,992",0,false,EIA
FRA,"1,991",12.09,false,EIA
FRA,"2,000",3.46,false,EIA
FRA,"1,999",5.09,false,EIA
FRA,"1,998",5.6,false,EIA
FRA,"1,997",6.81,false,EIA
FRA,"1,996",8.11,false,EIA
FRA,"1,995",8.41,false,EIA
FRA,"1,994",9.04,false,EIA
FRA,"1,993",10.25,false,EIA
FRA,"1,992",11.06,false,EIA
GBR,"1,991",94.92,false,EIA
GBR,"2,000",31.2,false,EIA
GBR,"1,999",37.08,false,EIA
GBR,"1,998",41.18,false,EIA
GBR,"1,997",48.49,false,EIA
GBR,"1,996",50.2,false,EIA
GBR,"1,995",53.04,false,EIA
GBR,"1,994",49.78,false,EIA
GBR,"1,993",68.2,false,EIA
GBR,"1,992",84.49,false,EIA
GEO,"1,991",,false,EIA
GEO,"2,000",0.007,false,EIA
GEO,"1,999",0.016,false,EIA
GEO,"1,998",0.015,false,EIA
GEO,"1,997",0.005,false,EIA
GEO,"1,996",0.016,false,EIA
GEO,"1,995",0.034,false,EIA
GEO,"1,994",0.18,false,EIA
GEO,"1,993",0.15,false,EIA
GEO,"1,992",0.14,false,EIA
GRC,"1,991",52.69,false,EIA
GRC,"2,000",63.89,false,EIA
GRC,"1,999",62.05,false,EIA
GRC,"1,998",60.88,false,EIA
GRC,"1,997",58.84,false,EIA
GRC,"1,996",59.78,false,EIA
GRC,"1,995",57.66,false,EIA
GRC,"1,994",56.67,false,EIA
GRC,"1,993",54.82,false,EIA
GRC,"1,992",55.05,false,EIA
HRV,"1,991",,false,EIA
HRV,"2,000",0,false,EIA
HRV,"1,999",0.015,false,EIA
HRV,"1,998",0.051,false,EIA
HRV,"1,997",0.049,false,EIA
HRV,"1,996",0.066,false,EIA
HRV,"1,995",0.082,false,EIA
HRV,"1,994",0.1,false,EIA
HRV,"1,993",0.12,false,EIA
HRV,"1,992",0.12,false,EIA
HUN,"1,991",17.13,false,EIA
HUN,"2,000",14.03,false,EIA
HUN,"1,999",14.55,false,EIA
HUN,"1,998",14.67,false,EIA
HUN,"1,997",15.76,false,EIA
HUN,"1,996",15.26,false,EIA
HUN,"1,995",14.77,false,EIA
HUN,"1,994",14.08,false,EIA
HUN,"1,993",14.83,false,EIA
HUN,"1,992",15.84,false,EIA
IDN,"1,991",15.76,false,EIA
IDN,"2,000",85.04,false,EIA
IDN,"1,999",83.77,false,EIA
IDN,"1,998",69.33,false,EIA
IDN,"1,997",59.27,false,EIA
IDN,"1,996",53.16,false,EIA
IDN,"1,995",43.05,false,EIA
IDN,"1,994",32.34,false,EIA
IDN,"1,993",29.39,false,EIA
IDN,"1,992",22.46,false,EIA
IND,"1,991",238.93,false,EIA
IND,"2,000",329.13,false,EIA
IND,"1,999",317.53,false,EIA
IND,"1,998",314.55,false,EIA
IND,"1,997",311.58,false,EIA
IND,"1,996",300.73,false,EIA
IND,"1,995",284.45,false,EIA
IND,"1,994",266.1,false,EIA
IND,"1,993",256.22,false,EIA
IND,"1,992",248.9,false,EIA
IRN,"1,991",0.86,false,EIA
IRN,"2,000",1.15,false,EIA
IRN,"1,999",1.04,false,EIA
IRN,"1,998",1.23,false,EIA
IRN,"1,997",1.21,false,EIA
IRN,"1,996",1.11,false,EIA
IRN,"1,995",1.13,false,EIA
IRN,"1,994",1.11,false,EIA
IRN,"1,993",1.13,false,EIA
IRN,"1,992",0.97,false,EIA
ITA,"1,991",0.94,false,EIA
ITA,"2,000",0.14,false,EIA
ITA,"1,999",0.11,false,EIA
ITA,"1,998",0.19,false,EIA
ITA,"1,997",0.22,false,EIA
ITA,"1,996",0.14,false,EIA
ITA,"1,995",0.17,false,EIA
ITA,"1,994",0.27,false,EIA
ITA,"1,993",0.62,false,EIA
ITA,"1,992",0.71,false,EIA
JPN,"1,991",7.93,false,EIA
JPN,"2,000",2.96,false,EIA
JPN,"1,999",3.69,false,EIA
JPN,"1,998",3.7,false,EIA
JPN,"1,997",3.97,false,EIA
JPN,"1,996",6.17,false,EIA
JPN,"1,995",6.32,false,EIA
JPN,"1,994",6.74,false,EIA
JPN,"1,993",7.21,false,EIA
JPN,"1,992",7.6,false,EIA
KAZ,"1,991",,false,EIA
KAZ,"2,000",74.89,false,EIA
KAZ,"1,999",58.03,false,EIA
KAZ,"1,998",69.11,false,EIA
KAZ,"1,997",70.17,false,EIA
KAZ,"1,996",74.39,false,EIA
KAZ,"1,995",80.75,false,EIA
KAZ,"1,994",99.81,false,EIA
KAZ,"1,993",107.21,false,EIA
KAZ,"1,992",126.54,false,EIA
KGZ,"1,991",,false,EIA
KGZ,"2,000",0.42,false,EIA
KGZ,"1,999",0.42,false,EIA
KGZ,"1,998",0.43,false,EIA
KGZ,"1,997",0.52,false,EIA
KGZ,"1,996",0.41,false,EIA
KGZ,"1,995",0.46,false,EIA
KGZ,"1,994",0.84,false,EIA
KGZ,"1,993",1.72,false,EIA
KGZ,"1,992",2.15,false,EIA
KHM,"1,991",0,false,EIA
KHM,"2,000",0,false,EIA
KHM,"1,999",0,false,EIA
KHM,"1,998",0,false,EIA
KHM,"1,997",0,false,EIA
KHM,"1,996",0,false,EIA
KHM,"1,995",0,false,EIA
KHM,"1,994",0,false,EIA
KHM,"1,993",0,false,EIA
KHM,"1,992",0,false,EIA
KOR,"1,991",15.06,false,EIA
KOR,"2,000",4.15,false,EIA
KOR,"1,999",4.2,false,EIA
KOR,"1,998",4.36,false,EIA
KOR,"1,997",4.51,false,EIA
KOR,"1,996",4.95,false,EIA
KOR,"1,995",5.72,false,EIA
KOR,"1,994",7.44,false,EIA
KOR,"1,993",9.44,false,EIA
KOR,"1,992",11.97,false,EIA
LAO,"1,991",0.005,false,EIA
LAO,"2,000",0.23,false,EIA
LAO,"1,999",0.21,false,EIA
LAO,"1,998",0.16,false,EIA
LAO,"1,997",0.095,false,EIA
LAO,"1,996",0.051,false,EIA
LAO,"1,995",0.023,false,EIA
LAO,"1,994",0.019,false,EIA
LAO,"1,993",0.014,false,EIA
LAO,"1,992",0.009,false,EIA
LSO,"1,991",0,false,EIA
LSO,"2,000",0,false,EIA
LSO,"1,999",0,false,EIA
LSO,"1,998",0,false,EIA
LSO,"1,997",0,false,EIA
LSO,"1,996",0,false,EIA
LSO,"1,995",0,false,EIA
LSO,"1,994",0,false,EIA
LSO,"1,993",0,false,EIA
LSO,"1,992",0,false,EIA
MAR,"1,991",0.55,false,EIA
MAR,"2,000",0.031,false,EIA
MAR,"1,999",0.13,false,EIA
MAR,"1,998",0.27,false,EIA
MAR,"1,997",0.38,false,EIA
MAR,"1,996",0.51,false,EIA
MAR,"1,995",0.65,false,EIA
MAR,"1,994",0.65,false,EIA
MAR,"1,993",0.6,false,EIA
MAR,"1,992",0.58,false,EIA
MEX,"1,991",7.91,false,EIA
MEX,"2,000",12.02,false,EIA
MEX,"1,999",10.87,false,EIA
MEX,"1,998",11.85,false,EIA
MEX,"1,997",10.9,false,EIA
MEX,"1,996",10.62,false,EIA
MEX,"1,995",9.7,false,EIA
MEX,"1,994",9.8,false,EIA
MEX,"1,993",7.43,false,EIA
MEX,"1,992",6.88,false,EIA
MKD,"1,991",,false,EIA
MKD,"2,000",7.52,false,EIA
MKD,"1,999",7.37,false,EIA
MKD,"1,998",8.18,false,EIA
MKD,"1,997",6.7,false,EIA
MKD,"1,996",7.14,false,EIA
MKD,"1,995",7.25,false,EIA
MKD,"1,994",6.86,false,EIA
MKD,"1,993",6.92,false,EIA
MKD,"1,992",6.98,false,EIA
MMR,"1,991",0.075,false,EIA
MMR,"2,000",0.51,false,EIA
MMR,"1,999",0.14,false,EIA
MMR,"1,998",0.069,false,EIA
MMR,"1,997",0.066,false,EIA
MMR,"1,996",0.071,false,EIA
MMR,"1,995",0.077,false,EIA
MMR,"1,994",0.071,false,EIA
MMR,"1,993",0.079,false,EIA
MMR,"1,992",0.073,false,EIA
MNE,"1,991",,false,EIA
MNE,"2,000",,false,EIA
MNE,"1,999",,false,EIA
MNE,"1,998",,false,EIA
MNE,"1,997",,false,EIA
MNE,"1,996",,false,EIA
MNE,"1,995",,false,EIA
MNE,"1,994",,false,EIA
MNE,"1,993",,false,EIA
MNE,"1,992",,false,EIA
MNG,"1,991",2.78,false,EIA
MNG,"2,000",1.97,false,EIA
MNG,"1,999",1.88,false,EIA
MNG,"1,998",1.87,false,EIA
MNG,"1,997",1.88,false,EIA
MNG,"1,996",1.91,false,EIA
MNG,"1,995",1.93,false,EIA
MNG,"1,994",1.93,false,EIA
MNG,"1,993",2.12,false,EIA
MNG,"1,992",2.44,false,EIA
MOZ,"1,991",0,false,EIA
MOZ,"2,000",0.024,false,EIA
MOZ,"1,999",0.021,false,EIA
MOZ,"1,998",0.018,false,EIA
MOZ,"1,997",0.019,false,EIA
MOZ,"1,996",0.02,false,EIA
MOZ,"1,995",0,false,EIA
MOZ,"1,994",0,false,EIA
MOZ,"1,993",0,false,EIA
MOZ,"1,992",0,false,EIA
MWI,"1,991",0.051,false,EIA
MWI,"2,000",0.079,false,EIA
MWI,"1,999",0.063,false,EIA
MWI,"1,998",0.057,false,EIA
MWI,"1,997",0.055,false,EIA
MWI,"1,996",0.053,false,EIA
MWI,"1,995",0.049,false,EIA
MWI,"1,994",0.051,false,EIA
MWI,"1,993",0.052,false,EIA
MWI,"1,992",0.052,false,EIA
MYS,"1,991",0.18,false,EIA
MYS,"2,000",0.36,false,EIA
MYS,"1,999",0.33,false,EIA
MYS,"1,998",0.32,false,EIA
MYS,"1,997",0.28,false,EIA
MYS,"1,996",0.26,false,EIA
MYS,"1,995",0.24,false,EIA
MYS,"1,994",0.22,false,EIA
MYS,"1,993",0.2,false,EIA
MYS,"1,992",0.18,false,EIA
NER,"1,991",0.16,false,EIA
NER,"2,000",0.16,false,EIA
NER,"1,999",0.17,false,EIA
NER,"1,998",0.18,false,EIA
NER,"1,997",0.16,false,EIA
NER,"1,996",0.18,false,EIA
NER,"1,995",0.17,false,EIA
NER,"1,994",0.16,false,EIA
NER,"1,993",0.16,false,EIA
NER,"1,992",0.13,false,EIA
NGA,"1,991",0.077,false,EIA
NGA,"2,000",0.3,false,EIA
NGA,"1,999",0.016,false,EIA
NGA,"1,998",0.012,false,EIA
NGA,"1,997",0.014,false,EIA
NGA,"1,996",0.017,false,EIA
NGA,"1,995",0.022,false,EIA
NGA,"1,994",0.025,false,EIA
NGA,"1,993",0.028,false,EIA
NGA,"1,992",0.071,false,EIA
NOR,"1,991",0.33,false,EIA
NOR,"2,000",0.63,false,EIA
NOR,"1,999",0.4,false,EIA
NOR,"1,998",0.33,false,EIA
NOR,"1,997",0.39,false,EIA
NOR,"1,996",0.23,false,EIA
NOR,"1,995",0.29,false,EIA
NOR,"1,994",0.3,false,EIA
NOR,"1,993",0.27,false,EIA
NOR,"1,992",0.36,false,EIA
NPL,"1,991",0.0021,false,EIA
NPL,"2,000",0.017,false,EIA
NPL,"1,999",0.018,false,EIA
NPL,"1,998",0.011,false,EIA
NPL,"1,997",0.0077,false,EIA
NPL,"1,996",0.006,false,EIA
NPL,"1,995",0.006,false,EIA
NPL,"1,994",0.006,false,EIA
NPL,"1,993",0.0026,false,EIA
NPL,"1,992",0.0024,false,EIA
NZL,"1,991",2.69,false,EIA
NZL,"2,000",3.46,false,EIA
NZL,"1,999",3.51,false,EIA
NZL,"1,998",3.13,false,EIA
NZL,"1,997",3.57,false,EIA
NZL,"1,996",3.61,false,EIA
NZL,"1,995",3.58,false,EIA
NZL,"1,994",3.03,false,EIA
NZL,"1,993",3.34,false,EIA
NZL,"1,992",3.02,false,EIA
PAK,"1,991",3.05,false,EIA
PAK,"2,000",3.17,false,EIA
PAK,"1,999",3.46,false,EIA
PAK,"1,998",3.33,false,EIA
PAK,"1,997",3.55,false,EIA
PAK,"1,996",3.64,false,EIA
PAK,"1,995",3.04,false,EIA
PAK,"1,994",3.37,false,EIA
PAK,"1,993",3.27,false,EIA
PAK,"1,992",3.1,false,EIA
PER,"1,991",0.067,false,EIA
PER,"2,000",0.016,false,EIA
PER,"1,999",0.021,false,EIA
PER,"1,998",0.02,false,EIA
PER,"1,997",0.022,false,EIA
PER,"1,996",0.058,false,EIA
PER,"1,995",0.051,false,EIA
PER,"1,994",0.074,false,EIA
PER,"1,993",0.083,false,EIA
PER,"1,992",0.09,false,EIA
PHL,"1,991",1.33,false,EIA
PHL,"2,000",1.35,false,EIA
PHL,"1,999",1.18,false,EIA
PHL,"1,998",1.16,false,EIA
PHL,"1,997",1.08,false,EIA
PHL,"1,996",1.11,false,EIA
PHL,"1,995",1.33,false,EIA
PHL,"1,994",1.45,false,EIA
PHL,"1,993",1.58,false,EIA
PHL,"1,992",1.66,false,EIA
POL,"1,991",209.43,false,EIA
POL,"2,000",161.7,false,EIA
POL,"1,999",170.16,false,EIA
POL,"1,998",177.96,false,EIA
POL,"1,997",200.3,false,EIA
POL,"1,996",200.89,false,EIA
POL,"1,995",199.74,false,EIA
POL,"1,994",199.9,false,EIA
POL,"1,993",198.15,false,EIA
POL,"1,992",198.16,false,EIA
PRK,"1,991",34.76,false,EIA
PRK,"2,000",29.74,false,EIA
PRK,"1,999",27.76,false,EIA
PRK,"1,998",24.59,false,EIA
PRK,"1,997",27.23,false,EIA
PRK,"1,996",27.76,false,EIA
PRK,"1,995",31.3,false,EIA
PRK,"1,994",33.6,false,EIA
PRK,"1,993",35.84,false,EIA
PRK,"1,992",39.07,false,EIA
PRT,"1,991",0.27,false,EIA
PRT,"2,000",0,false,EIA
PRT,"1,999",0,false,EIA
PRT,"1,998",0,false,EIA
PRT,"1,997",0,false,EIA
PRT,"1,996",0,false,EIA
PRT,"1,995",0,false,EIA
PRT,"1,994",0.15,false,EIA
PRT,"1,993",0.2,false,EIA
PRT,"1,992",0.22,false,EIA
ROU,"1,991",32.41,false,EIA
ROU,"2,000",29.28,false,EIA
ROU,"1,999",22.88,false,EIA
ROU,"1,998",26.23,false,EIA
ROU,"1,997",33.81,false,EIA
ROU,"1,996",41.87,false,EIA
ROU,"1,995",41.12,false,EIA
ROU,"1,994",40.55,false,EIA
ROU,"1,993",39.75,false,EIA
ROU,"1,992",38.37,false,EIA
RUS,"1,991",,false,EIA
RUS,"2,000",240.32,false,EIA
RUS,"1,999",235.18,false,EIA
RUS,"1,998",218.66,false,EIA
RUS,"1,997",229.37,false,EIA
RUS,"1,996",240.34,false,EIA
RUS,"1,995",245.73,false,EIA
RUS,"1,994",254.63,false,EIA
RUS,"1,993",286.34,false,EIA
RUS,"1,992",316.39,false,EIA
SCG,"1,991",,false,EIA
SCG,"2,000",37.09,false,EIA
SCG,"1,999",33.1,false,EIA
SCG,"1,998",44.08,false,EIA
SCG,"1,997",42.98,false,EIA
SCG,"1,996",40.53,false,EIA
SCG,"1,995",40.59,false,EIA
SCG,"1,994",33.75,false,EIA
SCG,"1,993",36.86,false,EIA
SCG,"1,992",38.41,false,EIA
SRB,"1,991",,false,EIA
SRB,"2,000",,false,EIA
SRB,"1,999",,false,EIA
SRB,"1,998",,false,EIA
SRB,"1,997",,false,EIA
SRB,"1,996",,false,EIA
SRB,"1,995",,false,EIA
SRB,"1,994",,false,EIA
SRB,"1,993",,false,EIA
SRB,"1,992",,false,EIA
SUN,"1,991",636.53,false,EIA
SUN,"2,000",,false,EIA
SUN,"1,999",,false,EIA
SUN,"1,998",,false,EIA
SUN,"1,997",,false,EIA
SUN,"1,996",,false,EIA
SUN,"1,995",,false,EIA
SUN,"1,994",,false,EIA
SUN,"1,993",,false,EIA
SUN,"1,992",,false,EIA
SVK,"1,991",,false,EIA
SVK,"2,000",3.65,false,EIA
SVK,"1,999",3.75,false,EIA
SVK,"1,998",3.95,false,EIA
SVK,"1,997",3.91,false,EIA
SVK,"1,996",3.83,false,EIA
SVK,"1,995",3.76,false,EIA
SVK,"1,994",3.63,false,EIA
SVK,"1,993",3.55,false,EIA
SVK,"1,992",,false,EIA
SVN,"1,991",,false,EIA
SVN,"1,996",4.77,false,EIA
SVN,"2,000",4.48,false,EIA
SVN,"1,999",4.56,false,EIA
SVN,"1,998",4.87,false,EIA
SVN,"1,997",4.93,false,EIA
SVN,"1,995",4.88,false,EIA
SVN,"1,994",4.85,false,EIA
SVN,"1,993",5.12,false,EIA
SVN,"1,992",5.57,false,EIA
SWE,"1,991",0.028,false,EIA
SWE,"2,000",0,false,EIA
SWE,"1,999",0,false,EIA
SWE,"1,998",0,false,EIA
SWE,"1,997",0,false,EIA
SWE,"1,996",0,false,EIA
SWE,"1,995",0,false,EIA
SWE,"1,994",0,false,EIA
SWE,"1,993",0,false,EIA
SWE,"1,992",0.037,false,EIA
SWZ,"1,991",0.12,false,EIA
SWZ,"2,000",0.38,false,EIA
SWZ,"1,999",0.36,false,EIA
SWZ,"1,998",0.34,false,EIA
SWZ,"1,997",0.21,false,EIA
SWZ,"1,996",0.13,false,EIA
SWZ,"1,995",0.17,false,EIA
SWZ,"1,994",0.17,false,EIA
SWZ,"1,993",0.056,false,EIA
SWZ,"1,992",0.099,false,EIA
THA,"1,991",14.65,false,EIA
THA,"2,000",17.79,false,EIA
THA,"1,999",18.26,false,EIA
THA,"1,998",20,false,EIA
THA,"1,997",23.44,false,EIA
THA,"1,996",21.69,false,EIA
THA,"1,995",18.42,false,EIA
THA,"1,994",17.09,false,EIA
THA,"1,993",15.54,false,EIA
THA,"1,992",15.39,false,EIA
TJK,"1,991",,false,EIA
TJK,"2,000",0.022,false,EIA
TJK,"1,999",0.019,false,EIA
TJK,"1,998",0.019,false,EIA
TJK,"1,997",0.017,false,EIA
TJK,"1,996",0.02,false,EIA
TJK,"1,995",0.041,false,EIA
TJK,"1,994",0.11,false,EIA
TJK,"1,993",0.37,false,EIA
TJK,"1,992",0.41,false,EIA
TUR,"1,991",46.11,false,EIA
TUR,"2,000",63.27,false,EIA
TUR,"1,999",67.04,false,EIA
TUR,"1,998",67.38,false,EIA
TUR,"1,997",59.93,false,EIA
TUR,"1,996",56.36,false,EIA
TUR,"1,995",55.07,false,EIA
TUR,"1,994",54.37,false,EIA
TUR,"1,993",48.56,false,EIA
TUR,"1,992",51.43,false,EIA
TWN,"1,991",0.4,false,EIA
TWN,"2,000",0.083,false,EIA
TWN,"1,999",0.092,false,EIA
TWN,"1,998",0.079,false,EIA
TWN,"1,997",0.099,false,EIA
TWN,"1,996",0.15,false,EIA
TWN,"1,995",0.23,false,EIA
TWN,"1,994",0.28,false,EIA
TWN,"1,993",0.33,false,EIA
TWN,"1,992",0.33,false,EIA
TZA,"1,991",0.011,false,EIA
TZA,"2,000",0.079,false,EIA
TZA,"1,999",0.075,false,EIA
TZA,"1,998",0.045,false,EIA
TZA,"1,997",0.028,false,EIA
TZA,"1,996",0.057,false,EIA
TZA,"1,995",0.044,false,EIA
TZA,"1,994",0.046,false,EIA
TZA,"1,993",0.044,false,EIA
TZA,"1,992",0.022,false,EIA
UKR,"1,991",,false,EIA
UKR,"2,000",62.4,false,EIA
UKR,"1,999",62.82,false,EIA
UKR,"1,998",59.53,false,EIA
UKR,"1,997",58.57,false,EIA
UKR,"1,996",56.96,false,EIA
UKR,"1,995",76.3,false,EIA
UKR,"1,994",86.5,false,EIA
UKR,"1,993",105.73,false,EIA
UKR,"1,992",123.38,false,EIA
USA,"1,991",903.54,false,EIA
USA,"2,000",973.96,false,EIA
USA,"1,999",998.29,false,EIA
USA,"1,998","1,013.81",false,EIA
USA,"1,997",988.77,false,EIA
USA,"1,996",965.11,false,EIA
USA,"1,995",937.1,false,EIA
USA,"1,994",937.58,false,EIA
USA,"1,993",857.67,false,EIA
USA,"1,992",904.96,false,EIA
UZB,"1,991",,false,EIA
UZB,"2,000",2.57,false,EIA
UZB,"1,999",2.97,false,EIA
UZB,"1,998",2.92,false,EIA
UZB,"1,997",2.95,false,EIA
UZB,"1,996",2.84,false,EIA
UZB,"1,995",3.05,false,EIA
UZB,"1,994",4.65,false,EIA
UZB,"1,993",4.66,false,EIA
UZB,"1,992",5.53,false,EIA
VEN,"1,991",2.17,false,EIA
VEN,"2,000",7.88,false,EIA
VEN,"1,999",6.98,false,EIA
VEN,"1,998",7.46,false,EIA
VEN,"1,997",5.15,false,EIA
VEN,"1,996",3.64,false,EIA
VEN,"1,995",4.06,false,EIA
VEN,"1,994",4.28,false,EIA
VEN,"1,993",3.81,false,EIA
VEN,"1,992",2.45,false,EIA
VNM,"1,991",5.2,false,EIA
VNM,"2,000",11.61,false,EIA
VNM,"1,999",9.63,false,EIA
VNM,"1,998",11.67,false,EIA
VNM,"1,997",11.39,false,EIA
VNM,"1,996",9.82,false,EIA
VNM,"1,995",8.35,false,EIA
VNM,"1,994",6.16,false,EIA
VNM,"1,993",5.57,false,EIA
VNM,"1,992",5.23,false,EIA
XKS,"1,991",,false,EIA
XKS,"2,000",,false,EIA
XKS,"1,999",,false,EIA
XKS,"1,998",,false,EIA
XKS,"1,997",,false,EIA
XKS,"1,996",,false,EIA
XKS,"1,995",,false,EIA
XKS,"1,994",,false,EIA
XKS,"1,993",,false,EIA
XKS,"1,992",,false,EIA
YUG,"1,991",70.79,false,EIA
YUG,"2,000",,false,EIA
YUG,"1,999",,false,EIA
YUG,"1,998",,false,EIA
YUG,"1,997",,false,EIA
YUG,"1,996",,false,EIA
YUG,"1,995",,false,EIA
YUG,"1,994",,false,EIA
YUG,"1,993",,false,EIA
YUG,"1,992",,false,EIA
ZAF,"1,991",174.13,false,EIA
ZAF,"2,000",224.91,false,EIA
ZAF,"1,999",215.45,false,EIA
ZAF,"1,998",216.75,false,EIA
ZAF,"1,997",211.88,false,EIA
ZAF,"1,996",201.4,false,EIA
ZAF,"1,995",200.2,false,EIA
ZAF,"1,994",190.49,false,EIA
ZAF,"1,993",178.53,false,EIA
ZAF,"1,992",171.17,false,EIA
ZMB,"1,991",0.5,false,EIA
ZMB,"2,000",0.23,false,EIA
ZMB,"1,999",0.29,false,EIA
ZMB,"1,998",0.33,false,EIA
ZMB,"1,997",0.27,false,EIA
ZMB,"1,996",0.26,false,EIA
ZMB,"1,995",0.3,false,EIA
ZMB,"1,994",0.54,false,EIA
ZMB,"1,993",0.62,false,EIA
ZMB,"1,992",0.52,false,EIA
ZWE,"1,991",5.62,false,EIA
ZWE,"1,992",5.55,false,EIA
ZWE,"1,993",5.28,false,EIA
ZWE,"1,994",5.47,false,EIA
ZWE,"1,995",4.64,false,EIA
ZWE,"1,996",4.41,false,EIA
ZWE,"1,997",4,false,EIA
ZWE,"1,998",4.16,false,EIA
ZWE,"1,999",4.63,false,EIA
ZWE,"2,000",4.4,false,EIA
AFG,"2,001",0.026,false,EIA
AFG,"2,010",0.75,false,EIA
AFG,"2,009",0.5,false,EIA
AFG,"2,008",0.35,false,EIA
AFG,"2,007",0.24,false,EIA
AFG,"2,006",0.035,false,EIA
AFG,"2,005",0.033,false,EIA
AFG,"2,004",0.034,false,EIA
AFG,"2,003",0.035,false,EIA
AFG,"2,002",0.021,false,EIA
ALB,"2,001",0.021,false,EIA
ALB,"2,010",0.01,false,EIA
ALB,"2,009",0.01,false,EIA
ALB,"2,008",0.061,false,EIA
ALB,"2,007",0.045,false,EIA
ALB,"2,006",0.045,false,EIA
ALB,"2,005",0.045,false,EIA
ALB,"2,004",0.058,false,EIA
ALB,"2,003",0.058,false,EIA
ALB,"2,002",0.015,false,EIA
ARG,"2,001",0.19,false,EIA
ARG,"2,010",0.08,false,EIA
ARG,"2,009",0.076,false,EIA
ARG,"2,008",0.091,false,EIA
ARG,"2,007",0.1,false,EIA
ARG,"2,006",0.084,false,EIA
ARG,"2,005",0.096,false,EIA
ARG,"2,004",0.093,false,EIA
ARG,"2,003",0.09,false,EIA
ARG,"2,002",0.097,false,EIA
ARM,"2,001",0,false,EIA
ARM,"2,010",0,false,EIA
ARM,"2,009",0,false,EIA
ARM,"2,008",0,false,EIA
ARM,"2,007",0,false,EIA
ARM,"2,006",0,false,EIA
ARM,"2,005",0,false,EIA
ARM,"2,004",0,false,EIA
ARM,"2,003",0,false,EIA
ARM,"2,002",0,false,EIA
AUS,"2,001",330.25,false,EIA
AUS,"2,010",441.2,false,EIA
AUS,"2,009",411.96,false,EIA
AUS,"2,008",395.85,false,EIA
AUS,"2,007",394.28,false,EIA
AUS,"2,006",377.74,false,EIA
AUS,"2,005",373.49,false,EIA
AUS,"2,004",353.11,false,EIA
AUS,"2,003",344.17,false,EIA
AUS,"2,002",341.86,false,EIA
AUT,"2,001",1.21,false,EIA
AUT,"2,010",0,false,EIA
AUT,"2,009",0,false,EIA
AUT,"2,008",0,false,EIA
AUT,"2,007",0,false,EIA
AUT,"2,006",0,false,EIA
AUT,"2,005",0,false,EIA
AUT,"2,004",0.23,false,EIA
AUT,"2,003",1.15,false,EIA
AUT,"2,002",1.41,false,EIA
BEL,"2,001",0,false,EIA
BEL,"2,010",0,false,EIA
BEL,"2,009",0,false,EIA
BEL,"2,008",0,false,EIA
BEL,"2,007",0,false,EIA
BEL,"2,006",0,false,EIA
BEL,"2,005",0,false,EIA
BEL,"2,004",0,false,EIA
BEL,"2,003",0,false,EIA
BEL,"2,002",0,false,EIA
BGD,"2,001",0,false,EIA
BGD,"2,010",0.7,false,EIA
BGD,"2,009",0.83,false,EIA
BGD,"2,008",0.68,false,EIA
BGD,"2,007",0.39,false,EIA
BGD,"2,006",0.3,false,EIA
BGD,"2,005",0.18,false,EIA
BGD,"2,004",0.065,false,EIA
BGD,"2,003",0.022,false,EIA
BGD,"2,002",0,false,EIA
BGR,"2,001",26.61,false,EIA
BGR,"2,010",29.4,false,EIA
BGR,"2,009",27.19,false,EIA
BGR,"2,008",28.79,false,EIA
BGR,"2,007",28.45,false,EIA
BGR,"2,006",25.68,false,EIA
BGR,"2,005",24.69,false,EIA
BGR,"2,004",26.48,false,EIA
BGR,"2,003",27.3,false,EIA
BGR,"2,002",26.02,false,EIA
BIH,"2,001",7.55,false,EIA
BIH,"2,010",6.39,false,EIA
BIH,"2,009",6.7,false,EIA
BIH,"2,008",6.76,false,EIA
BIH,"2,007",6.13,false,EIA
BIH,"2,006",5.9,false,EIA
BIH,"2,005",5.77,false,EIA
BIH,"2,004",5.64,false,EIA
BIH,"2,003",7.17,false,EIA
BIH,"2,002",7.97,false,EIA
BRA,"2,001",5.65,false,EIA
BRA,"2,010",5.41,false,EIA
BRA,"2,009",5.71,false,EIA
BRA,"2,008",6.61,false,EIA
BRA,"2,007",5.96,false,EIA
BRA,"2,006",5.88,false,EIA
BRA,"2,005",6.25,false,EIA
BRA,"2,004",5.41,false,EIA
BRA,"2,003",4.65,false,EIA
BRA,"2,002",5.14,false,EIA
BTN,"2,001",0.074,false,EIA
BTN,"2,010",0.088,false,EIA
BTN,"2,009",0.079,false,EIA
BTN,"2,008",0.084,false,EIA
BTN,"2,007",0.086,false,EIA
BTN,"2,006",0.091,false,EIA
BTN,"2,005",0.085,false,EIA
BTN,"2,004",0.075,false,EIA
BTN,"2,003",0.066,false,EIA
BTN,"2,002",0.073,false,EIA
BWA,"2,001",0.91,false,EIA
BWA,"2,010",0.99,false,EIA
BWA,"2,009",0.74,false,EIA
BWA,"2,008",0.91,false,EIA
BWA,"2,007",0.83,false,EIA
BWA,"2,006",0.96,false,EIA
BWA,"2,005",0.98,false,EIA
BWA,"2,004",0.91,false,EIA
BWA,"2,003",0.82,false,EIA
BWA,"2,002",0.95,false,EIA
CAN,"2,001",70.35,false,EIA
CAN,"2,010",67.89,false,EIA
CAN,"2,009",62.94,false,EIA
CAN,"2,008",67.75,false,EIA
CAN,"2,007",74.05,false,EIA
CAN,"2,006",69.9,false,EIA
CAN,"2,005",70.03,false,EIA
CAN,"2,004",66,false,EIA
CAN,"2,003",62.15,false,EIA
CAN,"2,002",66.51,false,EIA
CHL,"2,001",0.58,false,EIA
CHL,"2,010",0.62,false,EIA
CHL,"2,009",0.64,false,EIA
CHL,"2,008",0.67,false,EIA
CHL,"2,007",0.24,false,EIA
CHL,"2,006",0.67,false,EIA
CHL,"2,005",0.54,false,EIA
CHL,"2,004",0.23,false,EIA
CHL,"2,003",0.58,false,EIA
CHL,"2,002",0.43,false,EIA
CHN,"2,001","1,471.52",false,EIA
CHN,"2,010","3,428.44",false,EIA
CHN,"2,009","3,115.35",false,EIA
CHN,"2,008","2,903.4",false,EIA
CHN,"2,007","2,759.89",false,EIA
CHN,"2,006","2,569.73",false,EIA
CHN,"2,005","2,365.14",false,EIA
CHN,"2,004","2,122.61",false,EIA
CHN,"2,003","1,834.9",false,EIA
CHN,"2,002","1,550.4",false,EIA
COL,"2,001",43.25,false,EIA
COL,"2,010",75.76,false,EIA
COL,"2,009",71.8,false,EIA
COL,"2,008",71.28,false,EIA
COL,"2,007",63.82,false,EIA
COL,"2,006",63.7,false,EIA
COL,"2,005",57.71,false,EIA
COL,"2,004",53.33,false,EIA
COL,"2,003",49.53,false,EIA
COL,"2,002",43.64,false,EIA
CSK,"2,001",,false,EIA
CSK,"2,010",,false,EIA
CSK,"2,009",,false,EIA
CSK,"2,008",,false,EIA
CSK,"2,007",,false,EIA
CSK,"2,006",,false,EIA
CSK,"2,005",,false,EIA
CSK,"2,004",,false,EIA
CSK,"2,003",,false,EIA
CSK,"2,002",,false,EIA
CZE,"2,001",66.11,false,EIA
CZE,"2,010",55.21,false,EIA
CZE,"2,009",56.42,false,EIA
CZE,"2,008",60.2,false,EIA
CZE,"2,007",62.63,false,EIA
CZE,"2,006",62.9,false,EIA
CZE,"2,005",62.03,false,EIA
CZE,"2,004",64.08,false,EIA
CZE,"2,003",63.91,false,EIA
CZE,"2,002",63.36,false,EIA
DEU,"2,001",206.03,false,EIA
DEU,"2,010",183.51,false,EIA
DEU,"2,009",184.83,false,EIA
DEU,"2,008",194.46,false,EIA
DEU,"2,007",204.59,false,EIA
DEU,"2,006",200.08,false,EIA
DEU,"2,005",205.92,false,EIA
DEU,"2,004",211.08,false,EIA
DEU,"2,003",207.84,false,EIA
DEU,"2,002",210.99,false,EIA
DZA,"2,001",0,false,EIA
DZA,"2,010",0,false,EIA
DZA,"2,009",0,false,EIA
DZA,"2,008",0,false,EIA
DZA,"2,007",0,false,EIA
DZA,"2,006",0,false,EIA
DZA,"2,005",0,false,EIA
DZA,"2,004",0,false,EIA
DZA,"2,003",0,false,EIA
DZA,"2,002",0,false,EIA
EGY,"2,001",0.05,false,EIA
EGY,"2,010",0.038,false,EIA
EGY,"2,009",0.033,false,EIA
EGY,"2,008",0.025,false,EIA
EGY,"2,007",0.028,false,EIA
EGY,"2,006",0.031,false,EIA
EGY,"2,005",0.034,false,EIA
EGY,"2,004",0.033,false,EIA
EGY,"2,003",0.038,false,EIA
EGY,"2,002",0.043,false,EIA
ESP,"2,001",22.68,false,EIA
ESP,"2,010",8.43,false,EIA
ESP,"2,009",9.44,false,EIA
ESP,"2,008",10.19,false,EIA
ESP,"2,007",17.18,false,EIA
ESP,"2,006",18.45,false,EIA
ESP,"2,005",19.48,false,EIA
ESP,"2,004",20.49,false,EIA
ESP,"2,003",20.56,false,EIA
ESP,"2,002",22.03,false,EIA
ETH,"2,001",0,false,EIA
ETH,"2,010",0,false,EIA
ETH,"2,009",0,false,EIA
ETH,"2,008",0,false,EIA
ETH,"2,007",0,false,EIA
ETH,"2,006",0,false,EIA
ETH,"2,005",0,false,EIA
ETH,"2,004",0,false,EIA
ETH,"2,003",0,false,EIA
ETH,"2,002",0,false,EIA
FRA,"2,001",2.3,false,EIA
FRA,"2,010",0,false,EIA
FRA,"2,009",0,false,EIA
FRA,"2,008",0,false,EIA
FRA,"2,007",0,false,EIA
FRA,"2,006",0,false,EIA
FRA,"2,005",0,false,EIA
FRA,"2,004",0.16,false,EIA
FRA,"2,003",1.74,false,EIA
FRA,"2,002",1.63,false,EIA
GBR,"2,001",31.93,false,EIA
GBR,"2,010",18.35,false,EIA
GBR,"2,009",17.87,false,EIA
GBR,"2,008",18.05,false,EIA
GBR,"2,007",17.01,false,EIA
GBR,"2,006",18.52,false,EIA
GBR,"2,005",20.5,false,EIA
GBR,"2,004",25.1,false,EIA
GBR,"2,003",28.28,false,EIA
GBR,"2,002",29.99,false,EIA
GEO,"2,001",0.001,false,EIA
GEO,"2,010",0.1,false,EIA
GEO,"2,009",0.15,false,EIA
GEO,"2,008",0.011,false,EIA
GEO,"2,007",0.014,false,EIA
GEO,"2,006",0.009,false,EIA
GEO,"2,005",0.005,false,EIA
GEO,"2,004",0.008,false,EIA
GEO,"2,003",0.008,false,EIA
GEO,"2,002",0.006,false,EIA
GRC,"2,001",66.34,false,EIA
GRC,"2,010",56.52,false,EIA
GRC,"2,009",64.89,false,EIA
GRC,"2,008",65.72,false,EIA
GRC,"2,007",66.31,false,EIA
GRC,"2,006",64.79,false,EIA
GRC,"2,005",69.4,false,EIA
GRC,"2,004",70.04,false,EIA
GRC,"2,003",68.3,false,EIA
GRC,"2,002",70.47,false,EIA
HRV,"2,001",0,false,EIA
HRV,"2,010",0,false,EIA
HRV,"2,009",0,false,EIA
HRV,"2,008",0,false,EIA
HRV,"2,007",0,false,EIA
HRV,"2,006",0,false,EIA
HRV,"2,005",0,false,EIA
HRV,"2,004",0,false,EIA
HRV,"2,003",0,false,EIA
HRV,"2,002",0,false,EIA
HUN,"2,001",13.91,false,EIA
HUN,"2,010",9.11,false,EIA
HUN,"2,009",8.99,false,EIA
HUN,"2,008",9.4,false,EIA
HUN,"2,007",9.82,false,EIA
HUN,"2,006",9.95,false,EIA
HUN,"2,005",9.57,false,EIA
HUN,"2,004",11.24,false,EIA
HUN,"2,003",13.3,false,EIA
HUN,"2,002",13.03,false,EIA
IDN,"2,001",103.74,false,EIA
IDN,"2,010",360.46,false,EIA
IDN,"2,009",296.74,false,EIA
IDN,"2,008",276.49,false,EIA
IDN,"2,007",260.57,false,EIA
IDN,"2,006",226.52,false,EIA
IDN,"2,005",180.58,false,EIA
IDN,"2,004",153.27,false,EIA
IDN,"2,003",128.43,false,EIA
IDN,"2,002",111.86,false,EIA
IND,"2,001",344.5,false,EIA
IND,"2,010",524.55,false,EIA
IND,"2,009",497.64,false,EIA
IND,"2,008",494.35,false,EIA
IND,"2,007",482.19,false,EIA
IND,"2,006",453.7,false,EIA
IND,"2,005",429.34,false,EIA
IND,"2,004",405.22,false,EIA
IND,"2,003",381.58,false,EIA
IND,"2,002",358.99,false,EIA
IRN,"2,001",1.11,false,EIA
IRN,"2,006",1.33,false,EIA
IRN,"2,010",1.09,false,EIA
IRN,"2,009",1.15,false,EIA
IRN,"2,008",1.39,false,EIA
IRN,"2,007",1.43,false,EIA
IRN,"2,005",1.36,false,EIA
IRN,"2,004",1.22,false,EIA
IRN,"2,003",1.14,false,EIA
IRN,"2,002",1.03,false,EIA
ITA,"2,001",0.14,false,EIA
ITA,"2,010",0.1,false,EIA
ITA,"2,009",0.072,false,EIA
ITA,"2,008",0.12,false,EIA
ITA,"2,007",0.16,false,EIA
ITA,"2,006",0.17,false,EIA
ITA,"2,005",0.18,false,EIA
ITA,"2,004",0.17,false,EIA
ITA,"2,003",0.17,false,EIA
ITA,"2,002",0.16,false,EIA
JPN,"2,001",2.82,false,EIA
JPN,"2,010",1.14,false,EIA
JPN,"2,009",1.21,false,EIA
JPN,"2,008",1.29,false,EIA
JPN,"2,007",1.28,false,EIA
JPN,"2,006",1.35,false,EIA
JPN,"2,005",1.25,false,EIA
JPN,"2,004",1.27,false,EIA
JPN,"2,003",1.35,false,EIA
JPN,"2,002",1.28,false,EIA
KAZ,"2,001",76.57,false,EIA
KAZ,"2,010",110.93,false,EIA
KAZ,"2,009",100.85,false,EIA
KAZ,"2,008",98.99,false,EIA
KAZ,"2,007",97.83,false,EIA
KAZ,"2,006",96.66,false,EIA
KAZ,"2,005",82.79,false,EIA
KAZ,"2,004",83.06,false,EIA
KAZ,"2,003",80.81,false,EIA
KAZ,"2,002",71,false,EIA
KGZ,"2,001",0.48,false,EIA
KGZ,"2,010",0.57,false,EIA
KGZ,"2,009",0.61,false,EIA
KGZ,"2,008",0.48,false,EIA
KGZ,"2,007",0.39,false,EIA
KGZ,"2,006",0.32,false,EIA
KGZ,"2,005",0.33,false,EIA
KGZ,"2,004",0.46,false,EIA
KGZ,"2,003",0.42,false,EIA
KGZ,"2,002",0.46,false,EIA
KHM,"2,001",0,false,EIA
KHM,"2,010",0,false,EIA
KHM,"2,009",0,false,EIA
KHM,"2,008",0,false,EIA
KHM,"2,007",0,false,EIA
KHM,"2,006",0,false,EIA
KHM,"2,005",0,false,EIA
KHM,"2,004",0,false,EIA
KHM,"2,003",0,false,EIA
KHM,"2,002",0,false,EIA
KOR,"2,001",3.82,false,EIA
KOR,"2,010",2.08,false,EIA
KOR,"2,009",2.52,false,EIA
KOR,"2,008",2.77,false,EIA
KOR,"2,007",2.89,false,EIA
KOR,"2,006",2.82,false,EIA
KOR,"2,005",2.83,false,EIA
KOR,"2,004",3.19,false,EIA
KOR,"2,003",3.3,false,EIA
KOR,"2,002",3.32,false,EIA
LAO,"2,001",0.25,false,EIA
LAO,"2,010",0.73,false,EIA
LAO,"2,009",0.57,false,EIA
LAO,"2,008",0.5,false,EIA
LAO,"2,007",0.46,false,EIA
LAO,"2,006",0.4,false,EIA
LAO,"2,005",0.37,false,EIA
LAO,"2,004",0.35,false,EIA
LAO,"2,003",0.29,false,EIA
LAO,"2,002",0.26,false,EIA
LSO,"2,001",0,false,EIA
LSO,"2,010",0,false,EIA
LSO,"2,009",0,false,EIA
LSO,"2,008",0,false,EIA
LSO,"2,007",0,false,EIA
LSO,"2,006",0,false,EIA
LSO,"2,005",0,false,EIA
LSO,"2,004",0,false,EIA
LSO,"2,003",0,false,EIA
LSO,"2,002",0,false,EIA
MAR,"2,001",0.029,false,EIA
MAR,"2,010",0,false,EIA
MAR,"2,009",0,false,EIA
MAR,"2,008",0,false,EIA
MAR,"2,007",0,false,EIA
MAR,"2,006",0.0068,false,EIA
MAR,"2,005",0.012,false,EIA
MAR,"2,004",0.024,false,EIA
MAR,"2,003",0.026,false,EIA
MAR,"2,002",0.027,false,EIA
MEX,"2,001",11.93,false,EIA
MEX,"2,010",17.25,false,EIA
MEX,"2,009",14.23,false,EIA
MEX,"2,008",16.55,false,EIA
MEX,"2,007",18.34,false,EIA
MEX,"2,006",17.15,false,EIA
MEX,"2,005",15.17,false,EIA
MEX,"2,004",15.49,false,EIA
MEX,"2,003",13.8,false,EIA
MEX,"2,002",11.24,false,EIA
MKD,"2,001",8.11,false,EIA
MKD,"2,010",6.72,false,EIA
MKD,"2,009",7.43,false,EIA
MKD,"2,008",7.63,false,EIA
MKD,"2,007",6.51,false,EIA
MKD,"2,006",6.64,false,EIA
MKD,"2,005",6.88,false,EIA
MKD,"2,004",7.24,false,EIA
MKD,"2,003",7.38,false,EIA
MKD,"2,002",7.58,false,EIA
MMR,"2,001",0.6,false,EIA
MMR,"2,010",0.6,false,EIA
MMR,"2,009",0.31,false,EIA
MMR,"2,008",0.32,false,EIA
MMR,"2,007",0.4,false,EIA
MMR,"2,006",0.46,false,EIA
MMR,"2,005",0.27,false,EIA
MMR,"2,004",0.3,false,EIA
MMR,"2,003",0.4,false,EIA
MMR,"2,002",0.49,false,EIA
MNE,"2,001",,false,EIA
MNE,"2,010",1.94,false,EIA
MNE,"2,009",0.96,false,EIA
MNE,"2,008",1.74,false,EIA
MNE,"2,007",1.2,false,EIA
MNE,"2,006",1.51,false,EIA
MNE,"2,005",,false,EIA
MNE,"2,004",,false,EIA
MNE,"2,003",,false,EIA
MNE,"2,002",,false,EIA
MNG,"2,001",1.98,false,EIA
MNG,"2,010",15.8,false,EIA
MNG,"2,009",7.75,false,EIA
MNG,"2,008",5.47,false,EIA
MNG,"2,007",4.79,false,EIA
MNG,"2,006",4.17,false,EIA
MNG,"2,005",3.8,false,EIA
MNG,"2,004",4.09,false,EIA
MNG,"2,003",2.52,false,EIA
MNG,"2,002",2.12,false,EIA
MOZ,"2,001",0.03,false,EIA
MOZ,"2,010",0.071,false,EIA
MOZ,"2,009",0.055,false,EIA
MOZ,"2,008",0.038,false,EIA
MOZ,"2,007",0.025,false,EIA
MOZ,"2,006",0.028,false,EIA
MOZ,"2,005",0.032,false,EIA
MOZ,"2,004",0.033,false,EIA
MOZ,"2,003",0.034,false,EIA
MOZ,"2,002",0.032,false,EIA
MWI,"2,001",0.048,false,EIA
MWI,"2,010",0.079,false,EIA
MWI,"2,009",0.059,false,EIA
MWI,"2,008",0.061,false,EIA
MWI,"2,007",0.059,false,EIA
MWI,"2,006",0.06,false,EIA
MWI,"2,005",0.052,false,EIA
MWI,"2,004",0.052,false,EIA
MWI,"2,003",0.081,false,EIA
MWI,"2,002",0.063,false,EIA
MYS,"2,001",0.55,false,EIA
MYS,"2,010",2.4,false,EIA
MYS,"2,009",2.14,false,EIA
MYS,"2,008",1.25,false,EIA
MYS,"2,007",1.07,false,EIA
MYS,"2,006",0.9,false,EIA
MYS,"2,005",0.79,false,EIA
MYS,"2,004",0.71,false,EIA
MYS,"2,003",0.63,false,EIA
MYS,"2,002",0.56,false,EIA
NER,"2,001",0.16,false,EIA
NER,"2,010",0.24,false,EIA
NER,"2,009",0.19,false,EIA
NER,"2,008",0.18,false,EIA
NER,"2,007",0.17,false,EIA
NER,"2,006",0.18,false,EIA
NER,"2,005",0.18,false,EIA
NER,"2,004",0.24,false,EIA
NER,"2,003",0.19,false,EIA
NER,"2,002",0.18,false,EIA
NGA,"2,001",0.29,false,EIA
NGA,"2,007",0.57,false,EIA
NGA,"2,010",1.21,false,EIA
NGA,"2,009",1.21,false,EIA
NGA,"2,008",1.21,false,EIA
NGA,"2,006",0.4,false,EIA
NGA,"2,005",0.33,false,EIA
NGA,"2,004",0.28,false,EIA
NGA,"2,003",0.28,false,EIA
NGA,"2,002",0.25,false,EIA
NOR,"2,001",1.79,false,EIA
NOR,"2,010",1.93,false,EIA
NOR,"2,009",2.64,false,EIA
NOR,"2,008",3.43,false,EIA
NOR,"2,007",4.07,false,EIA
NOR,"2,006",2.39,false,EIA
NOR,"2,005",1.47,false,EIA
NOR,"2,004",2.9,false,EIA
NOR,"2,003",2.94,false,EIA
NOR,"2,002",2.13,false,EIA
NPL,"2,001",0.01,false,EIA
NPL,"2,010",0.012,false,EIA
NPL,"2,009",0.015,false,EIA
NPL,"2,008",0.014,false,EIA
NPL,"2,007",0.014,false,EIA
NPL,"2,006",0.012,false,EIA
NPL,"2,005",0.0093,false,EIA
NPL,"2,004",0.009,false,EIA
NPL,"2,003",0.011,false,EIA
NPL,"2,002",0.012,false,EIA
NZL,"2,001",3.91,false,EIA
NZL,"2,010",5.34,false,EIA
NZL,"2,009",4.51,false,EIA
NZL,"2,008",4.83,false,EIA
NZL,"2,007",4.83,false,EIA
NZL,"2,006",5.67,false,EIA
NZL,"2,005",5.27,false,EIA
NZL,"2,004",5.16,false,EIA
NZL,"2,003",5.18,false,EIA
NZL,"2,002",4.46,false,EIA
PAK,"2,001",3.09,false,EIA
PAK,"2,010",3.45,false,EIA
PAK,"2,009",3.48,false,EIA
PAK,"2,008",3.74,false,EIA
PAK,"2,007",4.12,false,EIA
PAK,"2,006",3.64,false,EIA
PAK,"2,005",4.87,false,EIA
PAK,"2,004",4.59,false,EIA
PAK,"2,003",3.27,false,EIA
PAK,"2,002",3.31,false,EIA
PER,"2,001",0.019,false,EIA
PER,"2,010",0.19,false,EIA
PER,"2,009",0.14,false,EIA
PER,"2,008",0.14,false,EIA
PER,"2,007",0.11,false,EIA
PER,"2,006",0.11,false,EIA
PER,"2,005",0.043,false,EIA
PER,"2,004",0.022,false,EIA
PER,"2,003",0.016,false,EIA
PER,"2,002",0.022,false,EIA
PHL,"2,001",1.23,false,EIA
PHL,"2,010",6.65,false,EIA
PHL,"2,009",4.69,false,EIA
PHL,"2,008",3.61,false,EIA
PHL,"2,007",3.4,false,EIA
PHL,"2,006",2.59,false,EIA
PHL,"2,005",3.16,false,EIA
PHL,"2,004",2.73,false,EIA
PHL,"2,003",2.03,false,EIA
PHL,"2,002",1.66,false,EIA
POL,"2,001",162.83,false,EIA
POL,"2,010",132.68,false,EIA
POL,"2,009",134.59,false,EIA
POL,"2,008",143.33,false,EIA
POL,"2,007",144.94,false,EIA
POL,"2,006",155.25,false,EIA
POL,"2,005",158.75,false,EIA
POL,"2,004",161.71,false,EIA
POL,"2,003",162.58,false,EIA
POL,"2,002",160.93,false,EIA
PRK,"2,001",30.54,false,EIA
PRK,"2,010",25.5,false,EIA
PRK,"2,009",25.5,false,EIA
PRK,"2,008",32.33,false,EIA
PRK,"2,007",30.34,false,EIA
PRK,"2,006",35.11,false,EIA
PRK,"2,005",34.61,false,EIA
PRK,"2,004",31.71,false,EIA
PRK,"2,003",30.22,false,EIA
PRK,"2,002",29.36,false,EIA
PRT,"2,001",0,false,EIA
PRT,"2,010",0,false,EIA
PRT,"2,009",0,false,EIA
PRT,"2,008",0,false,EIA
PRT,"2,007",0,false,EIA
PRT,"2,006",0,false,EIA
PRT,"2,005",0,false,EIA
PRT,"2,004",0,false,EIA
PRT,"2,003",0,false,EIA
PRT,"2,002",0,false,EIA
ROU,"2,001",33.29,false,EIA
ROU,"2,010",31.13,false,EIA
ROU,"2,009",33.96,false,EIA
ROU,"2,008",35.86,false,EIA
ROU,"2,007",35.78,false,EIA
ROU,"2,006",34.92,false,EIA
ROU,"2,005",31.11,false,EIA
ROU,"2,004",31.79,false,EIA
ROU,"2,003",33.06,false,EIA
ROU,"2,002",30.41,false,EIA
RUS,"2,001",248.04,false,EIA
RUS,"2,010",298.7,false,EIA
RUS,"2,009",275.99,false,EIA
RUS,"2,008",304.96,false,EIA
RUS,"2,007",289.02,false,EIA
RUS,"2,006",284.57,false,EIA
RUS,"2,005",282.88,false,EIA
RUS,"2,004",258.94,false,EIA
RUS,"2,003",256.98,false,EIA
RUS,"2,002",237.58,false,EIA
SCG,"2,001",36.34,false,EIA
SCG,"2,010",,false,EIA
SCG,"2,009",,false,EIA
SCG,"2,008",,false,EIA
SCG,"2,007",,false,EIA
SCG,"2,006",,false,EIA
SCG,"2,005",36.4,false,EIA
SCG,"2,004",41.16,false,EIA
SCG,"2,003",40.28,false,EIA
SCG,"2,002",38.4,false,EIA
SRB,"2,001",,false,EIA
SRB,"2,010",37.98,false,EIA
SRB,"2,009",38.5,false,EIA
SRB,"2,008",38.71,false,EIA
SRB,"2,007",37.15,false,EIA
SRB,"2,006",36.78,false,EIA
SRB,"2,005",,false,EIA
SRB,"2,004",,false,EIA
SRB,"2,003",,false,EIA
SRB,"2,002",,false,EIA
SUN,"2,001",,false,EIA
SUN,"2,010",,false,EIA
SUN,"2,009",,false,EIA
SUN,"2,008",,false,EIA
SUN,"2,007",,false,EIA
SUN,"2,006",,false,EIA
SUN,"2,005",,false,EIA
SUN,"2,004",,false,EIA
SUN,"2,003",,false,EIA
SUN,"2,002",,false,EIA
SVK,"2,001",3.42,false,EIA
SVK,"2,010",2.38,false,EIA
SVK,"2,009",2.57,false,EIA
SVK,"2,008",2.42,false,EIA
SVK,"2,007",2.11,false,EIA
SVK,"2,006",2.2,false,EIA
SVK,"2,005",2.51,false,EIA
SVK,"2,004",2.95,false,EIA
SVK,"2,003",3.1,false,EIA
SVK,"2,002",3.4,false,EIA
SVN,"2,001",4.13,false,EIA
SVN,"2,010",4.43,false,EIA
SVN,"2,009",4.43,false,EIA
SVN,"2,008",4.52,false,EIA
SVN,"2,007",4.53,false,EIA
SVN,"2,006",4.52,false,EIA
SVN,"2,005",4.54,false,EIA
SVN,"2,004",4.81,false,EIA
SVN,"2,003",4.83,false,EIA
SVN,"2,002",4.69,false,EIA
SWE,"2,001",0,false,EIA
SWE,"2,010",0,false,EIA
SWE,"2,009",0,false,EIA
SWE,"2,008",0,false,EIA
SWE,"2,007",0,false,EIA
SWE,"2,006",0,false,EIA
SWE,"2,005",0,false,EIA
SWE,"2,004",0,false,EIA
SWE,"2,003",0,false,EIA
SWE,"2,002",0,false,EIA
SWZ,"2,001",0.31,false,EIA
SWZ,"2,010",0.14,false,EIA
SWZ,"2,009",0.3,false,EIA
SWZ,"2,008",0.45,false,EIA
SWZ,"2,007",0.46,false,EIA
SWZ,"2,006",0.44,false,EIA
SWZ,"2,005",0.45,false,EIA
SWZ,"2,004",0.49,false,EIA
SWZ,"2,003",0.45,false,EIA
SWZ,"2,002",0.42,false,EIA
THA,"2,001",19.61,false,EIA
THA,"2,010",18.26,false,EIA
THA,"2,009",17.57,false,EIA
THA,"2,008",18.1,false,EIA
THA,"2,007",18.24,false,EIA
THA,"2,006",19.07,false,EIA
THA,"2,005",20.88,false,EIA
THA,"2,004",20.06,false,EIA
THA,"2,003",18.84,false,EIA
THA,"2,002",19.6,false,EIA
TJK,"2,001",0.024,false,EIA
TJK,"2,010",0.2,false,EIA
TJK,"2,009",0.2,false,EIA
TJK,"2,008",0.2,false,EIA
TJK,"2,007",0.18,false,EIA
TJK,"2,006",0.1,false,EIA
TJK,"2,005",0.099,false,EIA
TJK,"2,004",0.093,false,EIA
TJK,"2,003",0.047,false,EIA
TJK,"2,002",0.036,false,EIA
TUR,"2,001",62.1,false,EIA
TUR,"2,010",73.4,false,EIA
TUR,"2,009",79.5,false,EIA
TUR,"2,008",79.4,false,EIA
TUR,"2,007",75.36,false,EIA
TUR,"2,006",64.25,false,EIA
TUR,"2,005",58.34,false,EIA
TUR,"2,004",46.38,false,EIA
TUR,"2,003",48.56,false,EIA
TUR,"2,002",53.98,false,EIA
TWN,"2,001",0,false,EIA
TWN,"2,010",0,false,EIA
TWN,"2,009",0,false,EIA
TWN,"2,008",0,false,EIA
TWN,"2,007",0,false,EIA
TWN,"2,006",0,false,EIA
TWN,"2,005",0,false,EIA
TWN,"2,004",0,false,EIA
TWN,"2,003",0,false,EIA
TWN,"2,002",0,false,EIA
TZA,"2,001",0.078,false,EIA
TZA,"2,010",0.067,false,EIA
TZA,"2,009",0.054,false,EIA
TZA,"2,008",0.015,false,EIA
TZA,"2,007",0.027,false,EIA
TZA,"2,006",0.018,false,EIA
TZA,"2,005",0.031,false,EIA
TZA,"2,004",0.065,false,EIA
TZA,"2,003",0.055,false,EIA
TZA,"2,002",0.079,false,EIA
UKR,"2,001",61.68,false,EIA
UKR,"2,010",57.66,false,EIA
UKR,"2,009",59.63,false,EIA
UKR,"2,008",64.44,false,EIA
UKR,"2,007",64.21,false,EIA
UKR,"2,006",61.67,false,EIA
UKR,"2,005",60.36,false,EIA
UKR,"2,004",59.59,false,EIA
UKR,"2,003",64.23,false,EIA
UKR,"2,002",61.56,false,EIA
USA,"2,001","1,023.02",false,EIA
USA,"2,010",983.72,false,EIA
USA,"2,009",975.15,false,EIA
USA,"2,008","1,063.05",false,EIA
USA,"2,007","1,040.21",false,EIA
USA,"2,006","1,054.83",false,EIA
USA,"2,005","1,026.48",false,EIA
USA,"2,004","1,008.88",false,EIA
USA,"2,003",972.28,false,EIA
USA,"2,002",992.72,false,EIA
UZB,"2,001",2.71,false,EIA
UZB,"2,010",3.63,false,EIA
UZB,"2,009",3.65,false,EIA
UZB,"2,008",3.29,false,EIA
UZB,"2,007",3.44,false,EIA
UZB,"2,006",3.23,false,EIA
UZB,"2,005",3.08,false,EIA
UZB,"2,004",2.78,false,EIA
UZB,"2,003",1.91,false,EIA
UZB,"2,002",2.74,false,EIA
VEN,"2,001",7.58,false,EIA
VEN,"2,010",3.17,false,EIA
VEN,"2,009",3.73,false,EIA
VEN,"2,008",4.92,false,EIA
VEN,"2,007",6.1,false,EIA
VEN,"2,006",6.98,false,EIA
VEN,"2,005",7.19,false,EIA
VEN,"2,004",7.29,false,EIA
VEN,"2,003",7.39,false,EIA
VEN,"2,002",7.37,false,EIA
VNM,"2,001",13.4,false,EIA
VNM,"2,010",44.83,false,EIA
VNM,"2,009",44.08,false,EIA
VNM,"2,008",39.78,false,EIA
VNM,"2,007",42.48,false,EIA
VNM,"2,006",38.78,false,EIA
VNM,"2,005",34.09,false,EIA
VNM,"2,004",27.35,false,EIA
VNM,"2,003",19.31,false,EIA
VNM,"2,002",16.41,false,EIA
XKS,"2,001",,false,EIA
XKS,"2,010",8.65,false,EIA
XKS,"2,009",8.59,false,EIA
XKS,"2,008",7.72,false,EIA
XKS,"2,007",,false,EIA
XKS,"2,006",,false,EIA
XKS,"2,005",,false,EIA
XKS,"2,004",,false,EIA
XKS,"2,003",,false,EIA
XKS,"2,002",,false,EIA
YUG,"2,001",,false,EIA
YUG,"2,010",,false,EIA
YUG,"2,009",,false,EIA
YUG,"2,008",,false,EIA
YUG,"2,007",,false,EIA
YUG,"2,006",,false,EIA
YUG,"2,005",,false,EIA
YUG,"2,004",,false,EIA
YUG,"2,003",,false,EIA
YUG,"2,002",,false,EIA
ZAF,"2,001",223.49,false,EIA
ZAF,"2,010",254.73,false,EIA
ZAF,"2,009",250.58,false,EIA
ZAF,"2,008",252.7,false,EIA
ZAF,"2,007",247.67,false,EIA
ZAF,"2,006",244.76,false,EIA
ZAF,"2,005",244.99,false,EIA
ZAF,"2,004",242.82,false,EIA
ZAF,"2,003",239.3,false,EIA
ZAF,"2,002",220.21,false,EIA
ZMB,"2,001",0.23,false,EIA
ZMB,"2,010",0,false,EIA
ZMB,"2,009",0,false,EIA
ZMB,"2,008",0.0035,false,EIA
ZMB,"2,007",0.014,false,EIA
ZMB,"2,006",0.064,false,EIA
ZMB,"2,005",0.15,false,EIA
ZMB,"2,004",0.21,false,EIA
ZMB,"2,003",0.2,false,EIA
ZMB,"2,002",0.2,false,EIA
ZWE,"2,001",4.14,false,EIA
ZWE,"2,002",3.96,false,EIA
ZWE,"2,003",3.55,false,EIA
ZWE,"2,004",3.24,false,EIA
ZWE,"2,005",3.62,false,EIA
ZWE,"2,006",3.5,false,EIA
ZWE,"2,007",3.37,false,EIA
ZWE,"2,008",2.54,false,EIA
ZWE,"2,009",1.67,false,EIA
ZWE,"2,010",2.5,false,EIA
AFG,"2,011",1.21,false,EIA
AFG,"2,023",0.77,false,EIA
AFG,"2,022",4.89,false,EIA
AFG,"2,021",2.69,false,EIA
AFG,"2,020",1.77,false,EIA
AFG,"2,019",3.01,false,EIA
AFG,"2,018",2.84,false,EIA
AFG,"2,017",2.07,false,EIA
AFG,"2,016",2.29,false,EIA
AFG,"2,015",2.06,false,EIA
AFG,"2,014",2.35,false,EIA
AFG,"2,013",1.84,false,EIA
AFG,"2,012",1.72,false,EIA
ALB,"2,011",0.005,false,EIA
ALB,"2,023",0.47,false,EIA
ALB,"2,022",0.38,false,EIA
ALB,"2,021",0.24,false,EIA
ALB,"2,020",0.13,false,EIA
ALB,"2,019",0.12,false,EIA
ALB,"2,018",0.098,false,EIA
ALB,"2,017",0.046,false,EIA
ALB,"2,016",0.014,false,EIA
ALB,"2,015",0.024,false,EIA
ALB,"2,014",0.017,false,EIA
ALB,"2,013",0.009,false,EIA
ALB,"2,012",0.007,false,EIA
ARG,"2,011",0.085,false,EIA
ARG,"2,023",0.021,false,EIA
ARG,"2,022",0.025,false,EIA
ARG,"2,021",0.027,false,EIA
ARG,"2,020",0.02,false,EIA
ARG,"2,019",0.022,false,EIA
ARG,"2,018",0.024,false,EIA
ARG,"2,017",0.02,false,EIA
ARG,"2,016",0.023,false,EIA
ARG,"2,015",0.034,false,EIA
ARG,"2,014",0.057,false,EIA
ARG,"2,013",0.079,false,EIA
ARG,"2,012",0.095,false,EIA
ARM,"2,011",0,false,EIA
ARM,"2,023",0.00006,false,EIA
ARM,"2,022",0.00006,false,EIA
ARM,"2,021",0,false,EIA
ARM,"2,020",0,false,EIA
ARM,"2,019",0,false,EIA
ARM,"2,018",0,false,EIA
ARM,"2,017",0,false,EIA
ARM,"2,016",0,false,EIA
ARM,"2,015",0,false,EIA
ARM,"2,014",0,false,EIA
ARM,"2,013",0,false,EIA
ARM,"2,012",0,false,EIA
AUS,"2,011",421.33,false,EIA
AUS,"2,023",442.93,false,EIA
AUS,"2,022",463.56,false,EIA
AUS,"2,021",467.14,false,EIA
AUS,"2,020",499.76,false,EIA
AUS,"2,019",511.68,false,EIA
AUS,"2,018",491.46,false,EIA
AUS,"2,017",505.69,false,EIA
AUS,"2,016",508.41,false,EIA
AUS,"2,015",520.89,false,EIA
AUS,"2,014",497.64,false,EIA
AUS,"2,013",468.17,false,EIA
AUS,"2,012",441,false,EIA
AUT,"2,011",0,false,EIA
AUT,"2,023",0,false,EIA
AUT,"2,022",0,false,EIA
AUT,"2,021",0,false,EIA
AUT,"2,020",0,false,EIA
AUT,"2,019",0,false,EIA
AUT,"2,018",0,false,EIA
AUT,"2,017",0,false,EIA
AUT,"2,016",0,false,EIA
AUT,"2,015",0,false,EIA
AUT,"2,014",0,false,EIA
AUT,"2,013",0,false,EIA
AUT,"2,012",0,false,EIA
BEL,"2,011",0,false,EIA
BEL,"2,023",0,false,EIA
BEL,"2,022",0,false,EIA
BEL,"2,021",0,false,EIA
BEL,"2,020",0,false,EIA
BEL,"2,019",0,false,EIA
BEL,"2,018",0,false,EIA
BEL,"2,017",0,false,EIA
BEL,"2,016",0,false,EIA
BEL,"2,015",0,false,EIA
BEL,"2,014",0,false,EIA
BEL,"2,013",0,false,EIA
BEL,"2,012",0,false,EIA
BGD,"2,011",0.67,false,EIA
BGD,"2,023",0.77,false,EIA
BGD,"2,022",0.75,false,EIA
BGD,"2,021",1.05,false,EIA
BGD,"2,020",1.02,false,EIA
BGD,"2,019",0.94,false,EIA
BGD,"2,018",0.92,false,EIA
BGD,"2,017",1.16,false,EIA
BGD,"2,016",1.02,false,EIA
BGD,"2,015",0.68,false,EIA
BGD,"2,014",0.95,false,EIA
BGD,"2,013",0.85,false,EIA
BGD,"2,012",0.83,false,EIA
BGR,"2,011",37.13,false,EIA
BGR,"2,023",20.97,false,EIA
BGR,"2,022",35.52,false,EIA
BGR,"2,021",28.29,false,EIA
BGR,"2,020",22.3,false,EIA
BGR,"2,019",28,false,EIA
BGR,"2,018",30.26,false,EIA
BGR,"2,017",34.28,false,EIA
BGR,"2,016",31.23,false,EIA
BGR,"2,015",35.86,false,EIA
BGR,"2,014",31.27,false,EIA
BGR,"2,013",28.62,false,EIA
BGR,"2,012",33.43,false,EIA
BIH,"2,011",7.1,false,EIA
BIH,"2,023",11.69,false,EIA
BIH,"2,022",13.29,false,EIA
BIH,"2,021",6.68,false,EIA
BIH,"2,020",6.18,false,EIA
BIH,"2,019",6.56,false,EIA
BIH,"2,018",7.02,false,EIA
BIH,"2,017",7.13,false,EIA
BIH,"2,016",6.5,false,EIA
BIH,"2,015",6.05,false,EIA
BIH,"2,014",6.17,false,EIA
BIH,"2,013",6.24,false,EIA
BIH,"2,012",6.97,false,EIA
BRA,"2,011",5.5,false,EIA
BRA,"2,023",6.57,false,EIA
BRA,"2,022",6.2,false,EIA
BRA,"2,021",6.66,false,EIA
BRA,"2,020",5.58,false,EIA
BRA,"2,019",5.41,false,EIA
BRA,"2,018",4.84,false,EIA
BRA,"2,017",4.82,false,EIA
BRA,"2,016",7,false,EIA
BRA,"2,015",8.03,false,EIA
BRA,"2,014",7.94,false,EIA
BRA,"2,013",8.59,false,EIA
BRA,"2,012",6.62,false,EIA
BTN,"2,011",0.099,false,EIA
BTN,"2,023",0.0036,false,EIA
BTN,"2,022",0.18,false,EIA
BTN,"2,021",0.19,false,EIA
BTN,"2,020",0.16,false,EIA
BTN,"2,019",0.18,false,EIA
BTN,"2,018",0.19,false,EIA
BTN,"2,017",0.16,false,EIA
BTN,"2,016",0.12,false,EIA
BTN,"2,015",0.085,false,EIA
BTN,"2,014",0.082,false,EIA
BTN,"2,013",0.078,false,EIA
BTN,"2,012",0.099,false,EIA
BWA,"2,011",0.79,false,EIA
BWA,"2,023",2.24,false,EIA
BWA,"2,022",2.63,false,EIA
BWA,"2,021",1.98,false,EIA
BWA,"2,020",1.88,false,EIA
BWA,"2,019",2.11,false,EIA
BWA,"2,018",2.17,false,EIA
BWA,"2,017",2.22,false,EIA
BWA,"2,016",1.88,false,EIA
BWA,"2,015",2.08,false,EIA
BWA,"2,014",1.71,false,EIA
BWA,"2,013",1.5,false,EIA
BWA,"2,012",1.47,false,EIA
CAN,"2,011",67.51,false,EIA
CAN,"2,023",48.63,false,EIA
CAN,"2,022",41.14,false,EIA
CAN,"2,021",47.46,false,EIA
CAN,"2,020",45.28,false,EIA
CAN,"2,019",53.17,false,EIA
CAN,"2,018",57.49,false,EIA
CAN,"2,017",62.16,false,EIA
CAN,"2,016",59.26,false,EIA
CAN,"2,015",62.34,false,EIA
CAN,"2,014",67.44,false,EIA
CAN,"2,013",70.15,false,EIA
CAN,"2,012",66.58,false,EIA
CHL,"2,011",0.65,false,EIA
CHL,"2,023",0.12,false,EIA
CHL,"2,022",0.015,false,EIA
CHL,"2,021",0.043,false,EIA
CHL,"2,020",0.48,false,EIA
CHL,"2,019",1.43,false,EIA
CHL,"2,018",2.26,false,EIA
CHL,"2,017",2.42,false,EIA
CHL,"2,016",2.52,false,EIA
CHL,"2,015",3.14,false,EIA
CHL,"2,014",3.16,false,EIA
CHL,"2,013",3.03,false,EIA
CHL,"2,012",0.71,false,EIA
CHN,"2,011","3,764.43",false,EIA
CHN,"2,023","4,362.06",false,EIA
CHN,"2,022","4,152.68",false,EIA
CHN,"2,021","4,126",false,EIA
CHN,"2,020","3,901.57",false,EIA
CHN,"2,019","3,846.33",false,EIA
CHN,"2,018","3,697.74",false,EIA
CHN,"2,017","3,523.56",false,EIA
CHN,"2,016","3,410.6",false,EIA
CHN,"2,015","3,746.54",false,EIA
CHN,"2,014","3,873.91",false,EIA
CHN,"2,013","3,974.32",false,EIA
CHN,"2,012","3,945.12",false,EIA
COL,"2,011",86.71,false,EIA
COL,"2,023",49.42,false,EIA
COL,"2,022",57.73,false,EIA
COL,"2,021",60.78,false,EIA
COL,"2,020",53.76,false,EIA
COL,"2,019",87.48,false,EIA
COL,"2,018",86.53,false,EIA
COL,"2,017",92.38,false,EIA
COL,"2,016",92.19,false,EIA
COL,"2,015",87.13,false,EIA
COL,"2,014",90.05,false,EIA
COL,"2,013",87.13,false,EIA
COL,"2,012",90.37,false,EIA
CSK,"2,011",,false,EIA
CSK,"2,023",,false,EIA
CSK,"2,022",,false,EIA
CSK,"2,021",,false,EIA
CSK,"2,020",,false,EIA
CSK,"2,019",,false,EIA
CSK,"2,018",,false,EIA
CSK,"2,017",,false,EIA
CSK,"2,016",,false,EIA
CSK,"2,015",,false,EIA
CSK,"2,014",,false,EIA
CSK,"2,013",,false,EIA
CSK,"2,012",,false,EIA
CZE,"2,011",58.06,false,EIA
CZE,"2,023",30.03,false,EIA
CZE,"2,022",35.07,false,EIA
CZE,"2,021",31.46,false,EIA
CZE,"2,020",31.58,false,EIA
CZE,"2,019",40.9,false,EIA
CZE,"2,018",43.57,false,EIA
CZE,"2,017",44.72,false,EIA
CZE,"2,016",45.31,false,EIA
CZE,"2,015",46.42,false,EIA
CZE,"2,014",46.86,false,EIA
CZE,"2,013",48.98,false,EIA
CZE,"2,012",55.85,false,EIA
DEU,"2,011",189.46,false,EIA
DEU,"2,023",102.25,false,EIA
DEU,"2,022",130.8,false,EIA
DEU,"2,021",126.26,false,EIA
DEU,"2,020",107.38,false,EIA
DEU,"2,019",131.31,false,EIA
DEU,"2,018",169.02,false,EIA
DEU,"2,017",175.12,false,EIA
DEU,"2,016",175.62,false,EIA
DEU,"2,015",184.71,false,EIA
DEU,"2,014",186.51,false,EIA
DEU,"2,013",190.96,false,EIA
DEU,"2,012",196.99,false,EIA
DZA,"2,011",0,false,EIA
DZA,"2,023",0,false,EIA
DZA,"2,022",0,false,EIA
DZA,"2,021",0,false,EIA
DZA,"2,020",0,false,EIA
DZA,"2,019",0,false,EIA
DZA,"2,018",0,false,EIA
DZA,"2,017",0,false,EIA
DZA,"2,016",0,false,EIA
DZA,"2,015",0,false,EIA
DZA,"2,014",0,false,EIA
DZA,"2,013",0,false,EIA
DZA,"2,012",0,false,EIA
EGY,"2,011",0.036,false,EIA
EGY,"2,023",0,false,EIA
EGY,"2,022",0,false,EIA
EGY,"2,021",0,false,EIA
EGY,"2,020",0,false,EIA
EGY,"2,019",0,false,EIA
EGY,"2,018",0,false,EIA
EGY,"2,017",0,false,EIA
EGY,"2,016",0,false,EIA
EGY,"2,015",0,false,EIA
EGY,"2,014",0,false,EIA
EGY,"2,013",0.0032,false,EIA
EGY,"2,012",0.021,false,EIA
ESP,"2,011",6.62,false,EIA
ESP,"2,023",0,false,EIA
ESP,"2,022",0,false,EIA
ESP,"2,021",0,false,EIA
ESP,"2,020",0,false,EIA
ESP,"2,019",0,false,EIA
ESP,"2,018",2.4,false,EIA
ESP,"2,017",2.98,false,EIA
ESP,"2,016",1.98,false,EIA
ESP,"2,015",3.06,false,EIA
ESP,"2,014",3.9,false,EIA
ESP,"2,013",4.4,false,EIA
ESP,"2,012",6.18,false,EIA
ETH,"2,011",0,false,EIA
ETH,"2,023",0.46,false,EIA
ETH,"2,022",0.008,false,EIA
ETH,"2,021",0,false,EIA
ETH,"2,020",0,false,EIA
ETH,"2,019",0,false,EIA
ETH,"2,018",0,false,EIA
ETH,"2,017",0,false,EIA
ETH,"2,016",0,false,EIA
ETH,"2,015",0,false,EIA
ETH,"2,014",0,false,EIA
ETH,"2,013",0,false,EIA
ETH,"2,012",0,false,EIA
FRA,"2,011",0,false,EIA
FRA,"2,023",0,false,EIA
FRA,"2,022",0,false,EIA
FRA,"2,021",0,false,EIA
FRA,"2,020",0,false,EIA
FRA,"2,019",0,false,EIA
FRA,"2,018",0,false,EIA
FRA,"2,017",0,false,EIA
FRA,"2,016",0,false,EIA
FRA,"2,015",0,false,EIA
FRA,"2,014",0,false,EIA
FRA,"2,013",0,false,EIA
FRA,"2,012",0,false,EIA
GBR,"2,011",18.55,false,EIA
GBR,"2,023",0.55,false,EIA
GBR,"2,022",0.65,false,EIA
GBR,"2,021",1.05,false,EIA
GBR,"2,020",1.67,false,EIA
GBR,"2,019",2.59,false,EIA
GBR,"2,018",2.78,false,EIA
GBR,"2,017",3.04,false,EIA
GBR,"2,016",4.18,false,EIA
GBR,"2,015",8.6,false,EIA
GBR,"2,014",11.65,false,EIA
GBR,"2,013",12.67,false,EIA
GBR,"2,012",16.97,false,EIA
GEO,"2,011",0.14,false,EIA
GEO,"2,023",0.15,false,EIA
GEO,"2,022",0.26,false,EIA
GEO,"2,021",0.16,false,EIA
GEO,"2,020",0.099,false,EIA
GEO,"2,019",0.015,false,EIA
GEO,"2,018",0.14,false,EIA
GEO,"2,017",0.27,false,EIA
GEO,"2,016",0.3,false,EIA
GEO,"2,015",0.31,false,EIA
GEO,"2,014",0.3,false,EIA
GEO,"2,013",0.4,false,EIA
GEO,"2,012",0.25,false,EIA
GRC,"2,011",58.67,false,EIA
GRC,"2,023",10.47,false,EIA
GRC,"2,022",13.7,false,EIA
GRC,"2,021",12.1,false,EIA
GRC,"2,020",14.05,false,EIA
GRC,"2,019",27.38,false,EIA
GRC,"2,018",36.49,false,EIA
GRC,"2,017",37.73,false,EIA
GRC,"2,016",32.64,false,EIA
GRC,"2,015",46.25,false,EIA
GRC,"2,014",50.84,false,EIA
GRC,"2,013",53.92,false,EIA
GRC,"2,012",62.96,false,EIA
HRV,"2,011",0,false,EIA
HRV,"2,023",0,false,EIA
HRV,"2,022",0,false,EIA
HRV,"2,021",0,false,EIA
HRV,"2,020",0,false,EIA
HRV,"2,019",0,false,EIA
HRV,"2,018",0,false,EIA
HRV,"2,017",0,false,EIA
HRV,"2,016",0,false,EIA
HRV,"2,015",0,false,EIA
HRV,"2,014",0,false,EIA
HRV,"2,013",0,false,EIA
HRV,"2,012",0,false,EIA
HUN,"2,011",9.55,false,EIA
HUN,"2,023",4.07,false,EIA
HUN,"2,022",4.93,false,EIA
HUN,"2,021",4.99,false,EIA
HUN,"2,020",6.12,false,EIA
HUN,"2,019",6.85,false,EIA
HUN,"2,018",7.9,false,EIA
HUN,"2,017",7.97,false,EIA
HUN,"2,016",9.22,false,EIA
HUN,"2,015",9.26,false,EIA
HUN,"2,014",9.55,false,EIA
HUN,"2,013",9.56,false,EIA
HUN,"2,012",9.29,false,EIA
IDN,"2,011",353.27,false,EIA
IDN,"2,023",781.26,false,EIA
IDN,"2,022",693.43,false,EIA
IDN,"2,021",613.99,false,EIA
IDN,"2,020",563.73,false,EIA
IDN,"2,019",616.16,false,EIA
IDN,"2,018",557.77,false,EIA
IDN,"2,017",461.25,false,EIA
IDN,"2,016",456.2,false,EIA
IDN,"2,015",461.57,false,EIA
IDN,"2,014",458.1,false,EIA
IDN,"2,013",474.37,false,EIA
IDN,"2,012",386.08,false,EIA
IND,"2,011",535.92,false,EIA
IND,"2,023",968.83,false,EIA
IND,"2,022",863.21,false,EIA
IND,"2,021",766.55,false,EIA
IND,"2,020",719.78,false,EIA
IND,"2,019",730.33,false,EIA
IND,"2,018",715.39,false,EIA
IND,"2,017",671.02,false,EIA
IND,"2,016",653.21,false,EIA
IND,"2,015",631.72,false,EIA
IND,"2,014",598.33,false,EIA
IND,"2,013",563.43,false,EIA
IND,"2,012",552.29,false,EIA
IRN,"2,011",1.16,false,EIA
IRN,"2,023",1.82,false,EIA
IRN,"2,022",1.65,false,EIA
IRN,"2,021",1.64,false,EIA
IRN,"2,020",1.54,false,EIA
IRN,"2,019",1.52,false,EIA
IRN,"2,018",1.71,false,EIA
IRN,"2,017",1.58,false,EIA
IRN,"2,016",1.33,false,EIA
IRN,"2,015",1.21,false,EIA
IRN,"2,014",1.07,false,EIA
IRN,"2,013",1.1,false,EIA
IRN,"2,012",1.04,false,EIA
ITA,"2,011",0.092,false,EIA
ITA,"2,023",0,false,EIA
ITA,"2,022",0,false,EIA
ITA,"2,021",0,false,EIA
ITA,"2,020",0,false,EIA
ITA,"2,019",0,false,EIA
ITA,"2,018",0,false,EIA
ITA,"2,017",0,false,EIA
ITA,"2,016",0,false,EIA
ITA,"2,015",0.081,false,EIA
ITA,"2,014",0.086,false,EIA
ITA,"2,013",0.073,false,EIA
ITA,"2,012",0.08,false,EIA
JPN,"2,011",1.19,false,EIA
JPN,"2,023",0.61,false,EIA
JPN,"2,022",0.68,false,EIA
JPN,"2,021",0.67,false,EIA
JPN,"2,020",0.79,false,EIA
JPN,"2,019",0.78,false,EIA
JPN,"2,018",0.96,false,EIA
JPN,"2,017",1.33,false,EIA
JPN,"2,016",1.29,false,EIA
JPN,"2,015",1.26,false,EIA
JPN,"2,014",1.32,false,EIA
JPN,"2,013",1.25,false,EIA
JPN,"2,012",1.25,false,EIA
KAZ,"2,011",116.45,false,EIA
KAZ,"2,023",117.71,false,EIA
KAZ,"2,022",114.94,false,EIA
KAZ,"2,021",83.76,false,EIA
KAZ,"2,020",96.07,false,EIA
KAZ,"2,019",97.54,false,EIA
KAZ,"2,018",100.47,false,EIA
KAZ,"2,017",101.41,false,EIA
KAZ,"2,016",103.07,false,EIA
KAZ,"2,015",107.32,false,EIA
KAZ,"2,014",113.98,false,EIA
KAZ,"2,013",119.57,false,EIA
KAZ,"2,012",120.53,false,EIA
KGZ,"2,011",0.83,false,EIA
KGZ,"2,023",3.68,false,EIA
KGZ,"2,022",3.64,false,EIA
KGZ,"2,021",2.05,false,EIA
KGZ,"2,020",2.68,false,EIA
KGZ,"2,019",2.61,false,EIA
KGZ,"2,018",2.4,false,EIA
KGZ,"2,017",1.87,false,EIA
KGZ,"2,016",1.85,false,EIA
KGZ,"2,015",1.84,false,EIA
KGZ,"2,014",1.8,false,EIA
KGZ,"2,013",1.41,false,EIA
KGZ,"2,012",1.16,false,EIA
KHM,"2,011",0,false,EIA
KHM,"2,023",0.027,false,EIA
KHM,"2,022",0.11,false,EIA
KHM,"2,021",0,false,EIA
KHM,"2,020",0,false,EIA
KHM,"2,019",0,false,EIA
KHM,"2,018",0,false,EIA
KHM,"2,017",0,false,EIA
KHM,"2,016",0,false,EIA
KHM,"2,015",0,false,EIA
KHM,"2,014",0,false,EIA
KHM,"2,013",0,false,EIA
KHM,"2,012",0,false,EIA
KOR,"2,011",2.08,false,EIA
KOR,"2,023",0.65,false,EIA
KOR,"2,022",0.82,false,EIA
KOR,"2,021",0.9,false,EIA
KOR,"2,020",1.02,false,EIA
KOR,"2,019",1.09,false,EIA
KOR,"2,018",1.14,false,EIA
KOR,"2,017",1.49,false,EIA
KOR,"2,016",1.73,false,EIA
KOR,"2,015",1.76,false,EIA
KOR,"2,014",1.75,false,EIA
KOR,"2,013",1.81,false,EIA
KOR,"2,012",2.09,false,EIA
LAO,"2,011",0.85,false,EIA
LAO,"2,023",16.63,false,EIA
LAO,"2,022",14.84,false,EIA
LAO,"2,021",14.32,false,EIA
LAO,"2,020",14.69,false,EIA
LAO,"2,019",15.43,false,EIA
LAO,"2,018",16.05,false,EIA
LAO,"2,017",13.57,false,EIA
LAO,"2,016",13.24,false,EIA
LAO,"2,015",4.79,false,EIA
LAO,"2,014",1.17,false,EIA
LAO,"2,013",1.05,false,EIA
LAO,"2,012",0.94,false,EIA
LSO,"2,011",0,false,EIA
LSO,"2,023",0.057,false,EIA
LSO,"2,022",0,false,EIA
LSO,"2,021",0,false,EIA
LSO,"2,020",0,false,EIA
LSO,"2,019",0,false,EIA
LSO,"2,018",0,false,EIA
LSO,"2,017",0,false,EIA
LSO,"2,016",0,false,EIA
LSO,"2,015",0,false,EIA
LSO,"2,014",0,false,EIA
LSO,"2,013",0,false,EIA
LSO,"2,012",0,false,EIA
MAR,"2,011",0,false,EIA
MAR,"2,023",0,false,EIA
MAR,"2,022",0,false,EIA
MAR,"2,021",0,false,EIA
MAR,"2,020",0,false,EIA
MAR,"2,019",0,false,EIA
MAR,"2,018",0,false,EIA
MAR,"2,017",0,false,EIA
MAR,"2,016",0,false,EIA
MAR,"2,015",0,false,EIA
MAR,"2,014",0,false,EIA
MAR,"2,013",0,false,EIA
MAR,"2,012",0,false,EIA
MEX,"2,011",22.61,false,EIA
MEX,"2,023",5.71,false,EIA
MEX,"2,022",5.89,false,EIA
MEX,"2,021",6.03,false,EIA
MEX,"2,020",8.8,false,EIA
MEX,"2,019",8.93,false,EIA
MEX,"2,018",10.9,false,EIA
MEX,"2,017",11.78,false,EIA
MEX,"2,016",12.57,false,EIA
MEX,"2,015",10.68,false,EIA
MEX,"2,014",15.39,false,EIA
MEX,"2,013",15.19,false,EIA
MEX,"2,012",15.68,false,EIA
MKD,"2,011",8.21,false,EIA
MKD,"2,023",4,false,EIA
MKD,"2,022",5.08,false,EIA
MKD,"2,021",4.12,false,EIA
MKD,"2,020",5.03,false,EIA
MKD,"2,019",5.48,false,EIA
MKD,"2,018",4.99,false,EIA
MKD,"2,017",5.09,false,EIA
MKD,"2,016",5.15,false,EIA
MKD,"2,015",5.94,false,EIA
MKD,"2,014",6.48,false,EIA
MKD,"2,013",6.69,false,EIA
MKD,"2,012",7.31,false,EIA
MMR,"2,011",0.6,false,EIA
MMR,"2,023",1.03,false,EIA
MMR,"2,022",1.27,false,EIA
MMR,"2,021",1.58,false,EIA
MMR,"2,020",2.04,false,EIA
MMR,"2,019",2.11,false,EIA
MMR,"2,018",1.31,false,EIA
MMR,"2,017",0.74,false,EIA
MMR,"2,016",0.55,false,EIA
MMR,"2,015",0.47,false,EIA
MMR,"2,014",0.58,false,EIA
MMR,"2,013",0.61,false,EIA
MMR,"2,012",0.67,false,EIA
MNE,"2,011",1.97,false,EIA
MNE,"2,023",1.86,false,EIA
MNE,"2,022",1.73,false,EIA
MNE,"2,021",1.69,false,EIA
MNE,"2,020",1.67,false,EIA
MNE,"2,019",1.61,false,EIA
MNE,"2,018",1.6,false,EIA
MNE,"2,017",1.47,false,EIA
MNE,"2,016",1.4,false,EIA
MNE,"2,015",1.77,false,EIA
MNE,"2,014",1.65,false,EIA
MNE,"2,013",1.69,false,EIA
MNE,"2,012",1.79,false,EIA
MNG,"2,011",15.2,false,EIA
MNG,"2,023",64.74,false,EIA
MNG,"2,022",29.71,false,EIA
MNG,"2,021",25.29,false,EIA
MNG,"2,020",35.1,false,EIA
MNG,"2,019",43.11,false,EIA
MNG,"2,018",43.24,false,EIA
MNG,"2,017",39.86,false,EIA
MNG,"2,016",33.5,false,EIA
MNG,"2,015",23.59,false,EIA
MNG,"2,014",19.06,false,EIA
MNG,"2,013",17.24,false,EIA
MNG,"2,012",19.33,false,EIA
MOZ,"2,011",0.62,false,EIA
MOZ,"2,023",10.58,false,EIA
MOZ,"2,022",9.01,false,EIA
MOZ,"2,021",10.61,false,EIA
MOZ,"2,020",7.45,false,EIA
MOZ,"2,019",10.88,false,EIA
MOZ,"2,018",16.1,false,EIA
MOZ,"2,017",15.09,false,EIA
MOZ,"2,016",7.11,false,EIA
MOZ,"2,015",6.6,false,EIA
MOZ,"2,014",6.33,false,EIA
MOZ,"2,013",5.99,false,EIA
MOZ,"2,012",4.53,false,EIA
MWI,"2,011",0.077,false,EIA
MWI,"2,023",0.0026,false,EIA
MWI,"2,022",0.05,false,EIA
MWI,"2,021",0.051,false,EIA
MWI,"2,020",0.047,false,EIA
MWI,"2,019",0.048,false,EIA
MWI,"2,018",0.05,false,EIA
MWI,"2,017",0.06,false,EIA
MWI,"2,016",0.043,false,EIA
MWI,"2,015",0.059,false,EIA
MWI,"2,014",0.064,false,EIA
MWI,"2,013",0.067,false,EIA
MWI,"2,012",0.071,false,EIA
MYS,"2,011",2.92,false,EIA
MYS,"2,023",3.6,false,EIA
MYS,"2,022",3.73,false,EIA
MYS,"2,021",3.12,false,EIA
MYS,"2,020",3.26,false,EIA
MYS,"2,019",3.46,false,EIA
MYS,"2,018",2.65,false,EIA
MYS,"2,017",2.99,false,EIA
MYS,"2,016",2.26,false,EIA
MYS,"2,015",2.56,false,EIA
MYS,"2,014",2.65,false,EIA
MYS,"2,013",2.89,false,EIA
MYS,"2,012",2.95,false,EIA
NER,"2,011",0.26,false,EIA
NER,"2,023",0.43,false,EIA
NER,"2,022",0.46,false,EIA
NER,"2,021",0.25,false,EIA
NER,"2,020",0.25,false,EIA
NER,"2,019",0.23,false,EIA
NER,"2,018",0.22,false,EIA
NER,"2,017",0.23,false,EIA
NER,"2,016",0.24,false,EIA
NER,"2,015",0.23,false,EIA
NER,"2,014",0.26,false,EIA
NER,"2,013",0.24,false,EIA
NER,"2,012",0.25,false,EIA
NGA,"2,011",1.45,false,EIA
NGA,"2,023",1.32,false,EIA
NGA,"2,022",3.04,false,EIA
NGA,"2,021",2.51,false,EIA
NGA,"2,020",2.35,false,EIA
NGA,"2,019",2.72,false,EIA
NGA,"2,018",2.69,false,EIA
NGA,"2,017",2.3,false,EIA
NGA,"2,016",2.66,false,EIA
NGA,"2,015",2.54,false,EIA
NGA,"2,014",2.42,false,EIA
NGA,"2,013",2.42,false,EIA
NGA,"2,012",1.93,false,EIA
NOR,"2,011",1.39,false,EIA
NOR,"2,023",0.12,false,EIA
NOR,"2,022",0.12,false,EIA
NOR,"2,021",0.12,false,EIA
NOR,"2,020",0.069,false,EIA
NOR,"2,019",0.12,false,EIA
NOR,"2,018",0.15,false,EIA
NOR,"2,017",0.13,false,EIA
NOR,"2,016",0.82,false,EIA
NOR,"2,015",1.11,false,EIA
NOR,"2,014",1.67,false,EIA
NOR,"2,013",1.85,false,EIA
NOR,"2,012",1.23,false,EIA
NPL,"2,011",0.013,false,EIA
NPL,"2,023",0.0091,false,EIA
NPL,"2,022",0.015,false,EIA
NPL,"2,021",0.03,false,EIA
NPL,"2,020",0.028,false,EIA
NPL,"2,019",0.027,false,EIA
NPL,"2,018",0.025,false,EIA
NPL,"2,017",0.023,false,EIA
NPL,"2,016",0.021,false,EIA
NPL,"2,015",0.019,false,EIA
NPL,"2,014",0.021,false,EIA
NPL,"2,013",0.019,false,EIA
NPL,"2,012",0.016,false,EIA
NZL,"2,011",4.96,false,EIA
NZL,"2,023",2.6,false,EIA
NZL,"2,022",2.64,false,EIA
NZL,"2,021",2.87,false,EIA
NZL,"2,020",2.82,false,EIA
NZL,"2,019",3.03,false,EIA
NZL,"2,018",3.23,false,EIA
NZL,"2,017",2.92,false,EIA
NZL,"2,016",2.87,false,EIA
NZL,"2,015",3.39,false,EIA
NZL,"2,014",3.98,false,EIA
NZL,"2,013",4.63,false,EIA
NZL,"2,012",4.92,false,EIA
PAK,"2,011",3.61,false,EIA
PAK,"2,023",13.76,false,EIA
PAK,"2,022",12.71,false,EIA
PAK,"2,021",8.44,false,EIA
PAK,"2,020",8.69,false,EIA
PAK,"2,019",8.74,false,EIA
PAK,"2,018",5.84,false,EIA
PAK,"2,017",4.3,false,EIA
PAK,"2,016",4.16,false,EIA
PAK,"2,015",4.14,false,EIA
PAK,"2,014",3.71,false,EIA
PAK,"2,013",3.44,false,EIA
PAK,"2,012",3.18,false,EIA
PER,"2,011",0.18,false,EIA
PER,"2,023",1.38,false,EIA
PER,"2,022",0.15,false,EIA
PER,"2,021",0.43,false,EIA
PER,"2,020",0.34,false,EIA
PER,"2,019",0.63,false,EIA
PER,"2,018",0.57,false,EIA
PER,"2,017",0.4,false,EIA
PER,"2,016",0.27,false,EIA
PER,"2,015",0.25,false,EIA
PER,"2,014",0.23,false,EIA
PER,"2,013",0.21,false,EIA
PER,"2,012",0.23,false,EIA
PHL,"2,011",6.91,false,EIA
PHL,"2,023",14.46,false,EIA
PHL,"2,022",14.48,false,EIA
PHL,"2,021",14.38,false,EIA
PHL,"2,020",13.27,false,EIA
PHL,"2,019",15.27,false,EIA
PHL,"2,018",13.06,false,EIA
PHL,"2,017",11.93,false,EIA
PHL,"2,016",11.21,false,EIA
PHL,"2,015",7.38,false,EIA
PHL,"2,014",7.6,false,EIA
PHL,"2,013",7.1,false,EIA
PHL,"2,012",7.34,false,EIA
POL,"2,011",138.51,false,EIA
POL,"2,023",88.72,false,EIA
POL,"2,022",108.2,false,EIA
POL,"2,021",107.36,false,EIA
POL,"2,020",100.37,false,EIA
POL,"2,019",111.95,false,EIA
POL,"2,018",121.95,false,EIA
POL,"2,017",126.64,false,EIA
POL,"2,016",130.63,false,EIA
POL,"2,015",135.3,false,EIA
POL,"2,014",136.42,false,EIA
POL,"2,013",142.31,false,EIA
POL,"2,012",143.51,false,EIA
PRK,"2,011",25.5,false,EIA
PRK,"2,023",21.93,false,EIA
PRK,"2,022",21.65,false,EIA
PRK,"2,021",20.99,false,EIA
PRK,"2,020",25.56,false,EIA
PRK,"2,019",27.18,false,EIA
PRK,"2,018",24.32,false,EIA
PRK,"2,017",29.14,false,EIA
PRK,"2,016",33.05,false,EIA
PRK,"2,015",30.25,false,EIA
PRK,"2,014",30.97,false,EIA
PRK,"2,013",30.42,false,EIA
PRK,"2,012",25.8,false,EIA
PRT,"2,011",0,false,EIA
PRT,"2,023",0,false,EIA
PRT,"2,022",0,false,EIA
PRT,"2,021",0,false,EIA
PRT,"2,020",0,false,EIA
PRT,"2,019",0,false,EIA
PRT,"2,018",0,false,EIA
PRT,"2,017",0,false,EIA
PRT,"2,016",0,false,EIA
PRT,"2,015",0,false,EIA
PRT,"2,014",0,false,EIA
PRT,"2,013",0,false,EIA
PRT,"2,012",0,false,EIA
ROU,"2,011",35.51,false,EIA
ROU,"2,023",14.75,false,EIA
ROU,"2,022",18.16,false,EIA
ROU,"2,021",17.73,false,EIA
ROU,"2,020",15,false,EIA
ROU,"2,019",21.65,false,EIA
ROU,"2,018",23.65,false,EIA
ROU,"2,017",25.75,false,EIA
ROU,"2,016",22.99,false,EIA
ROU,"2,015",25.49,false,EIA
ROU,"2,014",23.56,false,EIA
ROU,"2,013",24.72,false,EIA
ROU,"2,012",33.94,false,EIA
RUS,"2,011",295.64,false,EIA
RUS,"2,023",479.92,false,EIA
RUS,"2,022",461.34,false,EIA
RUS,"2,021",435.27,false,EIA
RUS,"2,020",401.41,false,EIA
RUS,"2,019",436.99,false,EIA
RUS,"2,018",432.65,false,EIA
RUS,"2,017",407.85,false,EIA
RUS,"2,016",383.83,false,EIA
RUS,"2,015",371.67,false,EIA
RUS,"2,014",357.22,false,EIA
RUS,"2,013",350.01,false,EIA
RUS,"2,012",329.36,false,EIA
SCG,"2,011",,false,EIA
SCG,"2,023",,false,EIA
SCG,"2,022",,false,EIA
SCG,"2,021",,false,EIA
SCG,"2,020",,false,EIA
SCG,"2,019",,false,EIA
SCG,"2,018",,false,EIA
SCG,"2,017",,false,EIA
SCG,"2,016",,false,EIA
SCG,"2,015",,false,EIA
SCG,"2,014",,false,EIA
SCG,"2,013",,false,EIA
SCG,"2,012",,false,EIA
SRB,"2,011",41.1,false,EIA
SRB,"2,023",33.22,false,EIA
SRB,"2,022",35.13,false,EIA
SRB,"2,021",36.42,false,EIA
SRB,"2,020",39.67,false,EIA
SRB,"2,019",38.88,false,EIA
SRB,"2,018",37.65,false,EIA
SRB,"2,017",39.81,false,EIA
SRB,"2,016",38.44,false,EIA
SRB,"2,015",37.83,false,EIA
SRB,"2,014",30.01,false,EIA
SRB,"2,013",40.3,false,EIA
SRB,"2,012",38.23,false,EIA
SUN,"2,011",,false,EIA
SUN,"2,023",,false,EIA
SUN,"2,022",,false,EIA
SUN,"2,021",,false,EIA
SUN,"2,020",,false,EIA
SUN,"2,019",,false,EIA
SUN,"2,018",,false,EIA
SUN,"2,017",,false,EIA
SUN,"2,016",,false,EIA
SUN,"2,015",,false,EIA
SUN,"2,014",,false,EIA
SUN,"2,013",,false,EIA
SUN,"2,012",,false,EIA
SVK,"2,011",2.38,false,EIA
SVK,"2,023",0.76,false,EIA
SVK,"2,022",0.87,false,EIA
SVK,"2,021",1.07,false,EIA
SVK,"2,020",0.98,false,EIA
SVK,"2,019",1.46,false,EIA
SVK,"2,018",1.5,false,EIA
SVK,"2,017",1.83,false,EIA
SVK,"2,016",1.85,false,EIA
SVK,"2,015",1.94,false,EIA
SVK,"2,014",2.19,false,EIA
SVK,"2,013",2.35,false,EIA
SVK,"2,012",2.29,false,EIA
SVN,"2,011",4.5,false,EIA
SVN,"2,023",2.44,false,EIA
SVN,"2,022",2.36,false,EIA
SVN,"2,021",2.61,false,EIA
SVN,"2,020",3.17,false,EIA
SVN,"2,019",3.14,false,EIA
SVN,"2,018",3.22,false,EIA
SVN,"2,017",3.36,false,EIA
SVN,"2,016",3.35,false,EIA
SVN,"2,015",3.17,false,EIA
SVN,"2,014",3.11,false,EIA
SVN,"2,013",3.88,false,EIA
SVN,"2,012",4.28,false,EIA
SWE,"2,011",0,false,EIA
SWE,"2,023",0,false,EIA
SWE,"2,022",0,false,EIA
SWE,"2,021",0,false,EIA
SWE,"2,020",0,false,EIA
SWE,"2,019",0,false,EIA
SWE,"2,018",0,false,EIA
SWE,"2,017",0,false,EIA
SWE,"2,016",0,false,EIA
SWE,"2,015",0,false,EIA
SWE,"2,014",0,false,EIA
SWE,"2,013",0,false,EIA
SWE,"2,012",0,false,EIA
SWZ,"2,011",0.14,false,EIA
SWZ,"2,023",0.25,false,EIA
SWZ,"2,022",0.22,false,EIA
SWZ,"2,021",0.12,false,EIA
SWZ,"2,020",0.11,false,EIA
SWZ,"2,019",0.11,false,EIA
SWZ,"2,018",0.13,false,EIA
SWZ,"2,017",0.17,false,EIA
SWZ,"2,016",0.16,false,EIA
SWZ,"2,015",0.13,false,EIA
SWZ,"2,014",0.13,false,EIA
SWZ,"2,013",0.13,false,EIA
SWZ,"2,012",0.15,false,EIA
THA,"2,011",21.33,false,EIA
THA,"2,023",12.81,false,EIA
THA,"2,022",13.64,false,EIA
THA,"2,021",14.22,false,EIA
THA,"2,020",13.25,false,EIA
THA,"2,019",14.08,false,EIA
THA,"2,018",14.85,false,EIA
THA,"2,017",16.26,false,EIA
THA,"2,016",16.98,false,EIA
THA,"2,015",15.15,false,EIA
THA,"2,014",17.98,false,EIA
THA,"2,013",18.11,false,EIA
THA,"2,012",18.07,false,EIA
TJK,"2,011",0.24,false,EIA
TJK,"2,023",2.39,false,EIA
TJK,"2,022",2.17,false,EIA
TJK,"2,021",2.15,false,EIA
TJK,"2,020",2.09,false,EIA
TJK,"2,019",2.03,false,EIA
TJK,"2,018",1.91,false,EIA
TJK,"2,017",1.76,false,EIA
TJK,"2,016",1.36,false,EIA
TJK,"2,015",1.04,false,EIA
TJK,"2,014",0.88,false,EIA
TJK,"2,013",0.52,false,EIA
TJK,"2,012",0.41,false,EIA
TUR,"2,011",75.19,false,EIA
TUR,"2,023",78.53,false,EIA
TUR,"2,022",83.96,false,EIA
TUR,"2,021",85.63,false,EIA
TUR,"2,020",74.71,false,EIA
TUR,"2,019",87.09,false,EIA
TUR,"2,018",83.94,false,EIA
TUR,"2,017",74.1,false,EIA
TUR,"2,016",73,false,EIA
TUR,"2,015",58.41,false,EIA
TUR,"2,014",65.24,false,EIA
TUR,"2,013",66.11,false,EIA
TUR,"2,012",70.27,false,EIA
TWN,"2,011",0,false,EIA
TWN,"2,023",0,false,EIA
TWN,"2,022",0,false,EIA
TWN,"2,021",0,false,EIA
TWN,"2,020",0,false,EIA
TWN,"2,019",0,false,EIA
TWN,"2,018",0,false,EIA
TWN,"2,017",0,false,EIA
TWN,"2,016",0,false,EIA
TWN,"2,015",0,false,EIA
TWN,"2,014",0,false,EIA
TWN,"2,013",0,false,EIA
TWN,"2,012",0,false,EIA
TZA,"2,011",0.081,false,EIA
TZA,"2,023",2.34,false,EIA
TZA,"2,022",2.51,false,EIA
TZA,"2,021",0.75,false,EIA
TZA,"2,020",0.69,false,EIA
TZA,"2,019",0.71,false,EIA
TZA,"2,018",0.63,false,EIA
TZA,"2,017",0.56,false,EIA
TZA,"2,016",0.28,false,EIA
TZA,"2,015",0.26,false,EIA
TZA,"2,014",0.25,false,EIA
TZA,"2,013",0.085,false,EIA
TZA,"2,012",0.079,false,EIA
UKR,"2,011",62.68,false,EIA
UKR,"2,023",16.44,false,EIA
UKR,"2,022",17,false,EIA
UKR,"2,021",24.92,false,EIA
UKR,"2,020",24.44,false,EIA
UKR,"2,019",26.07,false,EIA
UKR,"2,018",26.79,false,EIA
UKR,"2,017",24.68,false,EIA
UKR,"2,016",32.17,false,EIA
UKR,"2,015",34.46,false,EIA
UKR,"2,014",45.93,false,EIA
UKR,"2,013",64.43,false,EIA
UKR,"2,012",65.52,false,EIA
USA,"2,011",993.94,false,EIA
USA,"2,023",524.04,false,EIA
USA,"2,022",538.51,false,EIA
USA,"2,021",523.77,false,EIA
USA,"2,020",485.74,false,EIA
USA,"2,019",640.75,false,EIA
USA,"2,018",685.98,false,EIA
USA,"2,017",702.71,false,EIA
USA,"2,016",660.76,false,EIA
USA,"2,015",813.69,false,EIA
USA,"2,014",907.23,false,EIA
USA,"2,013",893.43,false,EIA
USA,"2,012",922.12,false,EIA
UZB,"2,011",3.84,false,EIA
UZB,"2,023",6.38,false,EIA
UZB,"2,022",5.36,false,EIA
UZB,"2,021",5.05,false,EIA
UZB,"2,020",4.13,false,EIA
UZB,"2,019",4.05,false,EIA
UZB,"2,018",4.17,false,EIA
UZB,"2,017",4.04,false,EIA
UZB,"2,016",3.87,false,EIA
UZB,"2,015",3.49,false,EIA
UZB,"2,014",4.4,false,EIA
UZB,"2,013",4.09,false,EIA
UZB,"2,012",3.85,false,EIA
VEN,"2,011",2.61,false,EIA
VEN,"2,023",0.15,false,EIA
VEN,"2,022",0.2,false,EIA
VEN,"2,021",0.16,false,EIA
VEN,"2,020",0.28,false,EIA
VEN,"2,019",0.39,false,EIA
VEN,"2,018",0.69,false,EIA
VEN,"2,017",0.72,false,EIA
VEN,"2,016",0.75,false,EIA
VEN,"2,015",0.83,false,EIA
VEN,"2,014",1.2,false,EIA
VEN,"2,013",1.56,false,EIA
VEN,"2,012",1.91,false,EIA
VNM,"2,011",46.61,false,EIA
VNM,"2,023",47.37,false,EIA
VNM,"2,022",43.61,false,EIA
VNM,"2,021",47.85,false,EIA
VNM,"2,020",43.89,false,EIA
VNM,"2,019",45.69,false,EIA
VNM,"2,018",42.38,false,EIA
VNM,"2,017",38.24,false,EIA
VNM,"2,016",38.53,false,EIA
VNM,"2,015",41.66,false,EIA
VNM,"2,014",41.09,false,EIA
VNM,"2,013",39.65,false,EIA
VNM,"2,012",42.08,false,EIA
XKS,"2,011",8.29,false,EIA
XKS,"2,023",6.92,false,EIA
XKS,"2,022",9.07,false,EIA
XKS,"2,021",8.54,false,EIA
XKS,"2,020",8.38,false,EIA
XKS,"2,019",8.06,false,EIA
XKS,"2,018",7.66,false,EIA
XKS,"2,017",7.57,false,EIA
XKS,"2,016",8.8,false,EIA
XKS,"2,015",8.24,false,EIA
XKS,"2,014",7.2,false,EIA
XKS,"2,013",8.22,false,EIA
XKS,"2,012",8.68,false,EIA
YUG,"2,011",,false,EIA
YUG,"2,023",,false,EIA
YUG,"2,022",,false,EIA
YUG,"2,021",,false,EIA
YUG,"2,020",,false,EIA
YUG,"2,019",,false,EIA
YUG,"2,018",,false,EIA
YUG,"2,017",,false,EIA
YUG,"2,016",,false,EIA
YUG,"2,015",,false,EIA
YUG,"2,014",,false,EIA
YUG,"2,013",,false,EIA
YUG,"2,012",,false,EIA
ZAF,"2,011",257.73,false,EIA
ZAF,"2,023",237.96,false,EIA
ZAF,"2,022",244.3,false,EIA
ZAF,"2,021",235.73,false,EIA
ZAF,"2,020",247.11,false,EIA
ZAF,"2,019",257.85,false,EIA
ZAF,"2,018",255.42,false,EIA
ZAF,"2,017",257.12,false,EIA
ZAF,"2,016",255.81,false,EIA
ZAF,"2,015",256.13,false,EIA
ZAF,"2,014",260.54,false,EIA
ZAF,"2,013",255.97,false,EIA
ZAF,"2,012",258.58,false,EIA
ZMB,"2,011",0,false,EIA
ZMB,"2,023",2.09,false,EIA
ZMB,"2,022",0.83,false,EIA
ZMB,"2,021",1.1,false,EIA
ZMB,"2,020",1.12,false,EIA
ZMB,"2,019",1,false,EIA
ZMB,"2,018",1.17,false,EIA
ZMB,"2,017",0.8,false,EIA
ZMB,"2,016",0.33,false,EIA
ZMB,"2,015",0.16,false,EIA
ZMB,"2,014",0.16,false,EIA
ZMB,"2,013",0.15,false,EIA
ZMB,"2,012",0.09,false,EIA
ZWE,"2,011",2.56,false,EIA
ZWE,"2,012",1.59,false,EIA
ZWE,"2,013",3.11,false,EIA
ZWE,"2,014",5.78,false,EIA
ZWE,"2,015",4.34,false,EIA
ZWE,"2,016",2.7,false,EIA
ZWE,"2,017",2.93,false,EIA
ZWE,"2,018",3.35,false,EIA
ZWE,"2,019",2.63,false,EIA
ZWE,"2,020",2.71,false,EIA
ZWE,"2,021",3.24,false,EIA
ZWE,"2,022",3.48,false,EIA
ZWE,"2,023",3.98,false,EIA
CHN,"2,025","4,666.96",true,IEA
BGR,"2,025",16.53,true,IEA
USA,"2,027",410,true,IEA
POL,"2,025",78.44,true,IEA
MOZ,"2,027",14.66,true,IEA
TZA,"2,024",2.58,false,IEA
IDN,"2,026",819.35,true,IEA
ETH,"2,024",0.46,false,IEA
BGR,"2,024",17.4,false,IEA
BGR,"2,026",16.36,true,IEA
ZAF,"2,025",234,true,IEA
ZAF,"2,026",234,true,IEA
IDN,"2,027",731,true,IEA
CAN,"2,027",34.5,true,IEA
ZMB,"2,027",2.31,true,IEA
VNM,"2,027",48.18,true,IEA
IND,"2,025","1,153.95",true,IEA
USA,"2,026",423.96,true,IEA
CHN,"2,027","4,751.34",true,IEA
ZMB,"2,026",2.31,true,IEA
ZMB,"2,025",2.31,true,IEA
ETH,"2,025",0.46,true,IEA
AUS,"2,027",423,true,IEA
MNG,"2,026",89,true,IEA
PHL,"2,024",16,false,IEA
MOZ,"2,026",14.66,true,IEA
ETH,"2,026",0.46,true,IEA
IND,"2,027","1,269",true,IEA
AUS,"2,025",446.33,true,IEA
COL,"2,025",60.35,true,IEA
AUS,"2,026",434.96,true,IEA
LAO,"2,026",19.36,true,IEA
RUS,"2,027",412,true,IEA
IND,"2,026","1,211.65",true,IEA
LAO,"2,024",16,false,IEA
POL,"2,024",80.04,false,IEA
ZWE,"2,024",4.39,false,IEA
THA,"2,026",12,true,IEA
CHN,"2,024","4,653",false,IEA
IDN,"2,024",805,false,IEA
THA,"2,025",12,true,IEA
POL,"2,026",77.65,true,IEA
PHL,"2,026",16,true,IEA
ZMB,"2,024",2.31,false,IEA
DEU,"2,026",81.76,true,IEA
ETH,"2,027",0.46,true,IEA
LAO,"2,025",17.6,true,IEA
COL,"2,026",59.65,true,IEA
TZA,"2,026",2.58,true,IEA
IND,"2,024","1,099",false,IEA
CHN,"2,026","4,708.96",true,IEA
ZWE,"2,027",5.89,true,IEA
RUS,"2,024",427,false,IEA
PHL,"2,027",16,true,IEA
COL,"2,027",59.05,true,IEA
DEU,"2,025",85.18,true,IEA
CAN,"2,024",47.9,false,IEA
COL,"2,024",61,false,IEA
VNM,"2,026",48.18,true,IEA
USA,"2,024",463,false,IEA
RUS,"2,025",416,true,IEA
MNG,"2,024",105,false,IEA
CAN,"2,026",39.38,true,IEA
CZE,"2,026",25.06,true,IEA
DEU,"2,024",88.74,false,IEA
TZA,"2,027",2.58,true,IEA
IDN,"2,025",780.33,true,IEA
CZE,"2,024",26.1,false,IEA
CAN,"2,025",43.43,true,IEA
AUS,"2,024",458,false,IEA
CZE,"2,025",25.32,true,IEA
MOZ,"2,024",11.66,false,IEA
RUS,"2,026",416,true,IEA
THA,"2,027",12,true,IEA
DEU,"2,027",78.06,true,IEA
POL,"2,027",73,true,IEA
BGR,"2,027",15.38,true,IEA
PHL,"2,025",16,true,IEA
CZE,"2,027",23.56,true,IEA
MOZ,"2,025",13.16,true,IEA
VNM,"2,024",48.18,false,IEA
ZAF,"2,024",234,false,IEA
MNG,"2,027",90,true,IEA
ZWE,"2,025",5.14,true,IEA
LAO,"2,027",21.3,true,IEA
ZWE,"2,026",5.89,true,IEA
ZAF,"2,027",234,true,IEA
TZA,"2,025",2.58,true,IEA
USA,"2,025",443.05,true,IEA
MNG,"2,025",97,true,IEA
THA,"2,024",12,false,IEA
VNM,"2,025",48.18,true,IEA
